team_key,match_count,opr,ridge_offense,ridge_defense,defensive_specialist_index_shrunk,rank_ridge_defense_best,rank_defensive_specialist_best,suppression_rating_abs,suppression_rating_pct,avg_absolute_suppression,aggregate_suppression_pct,avg_match_suppression_pct,rank_suppression_abs_best,rank_suppression_pct_best,rank_avg_match_suppression_pct_best,suppression_rating_pct_shrunk,suppression_samples
frc1807,36,40.09655233263723,23.060615548608794,6.3844663756892475,2.9673570870113175,1.0,1.0,5.331365404569764,-0.003532781430358736,-33.419126251199586,-0.27781554309645545,-0.2433720028805967,2.0,1.0,1.0,-0.003224973466904743,25
frc5181,36,98.64059199941283,61.898855345212205,-1.1647814984342493,2.412687718519295,5.0,2.0,4.672236635099981,-0.01136994808629318,-34.783224246840604,-0.33830251513917287,-0.2829902984465325,3.0,3.0,2.0,-0.010169590728638078,24
frc341,36,198.75525718114196,138.49809164420762,2.913698104256838,2.0606750117438235,2.0,3.0,2.232716420182398,-0.01758267786096285,-39.07278207612426,-0.3724885769675414,-0.3810668679967416,4.0,5.0,5.0,-0.01572642516943741,24
frc1712,36,23.251832686351378,9.16757947730463,-3.5099426476552478,1.6122437623931116,6.0,4.0,-2.621043689299793,-0.05468013489466055,-45.72242929786758,-0.40808216911840894,-0.3594868031734183,7.0,18.0,4.0,-0.04991590554871826,25
frc223,36,31.42633113104464,12.897393228896362,-4.956809618248909,1.568707475517338,8.0,5.0,-7.5689879304517245,-0.03861117839430893,-52.16939964009738,-0.39279617451271526,-0.389104219046954,12.0,10.0,6.0,-0.03152589514454373,20
frc41,36,20.022056510280937,3.353143565048956,-8.955841094016268,1.4183529105348938,16.0,6.0,-8.928096341406457,-0.05433803055408905,-59.83546385356118,-0.5204813081818204,-0.35809494579176865,15.0,17.0,3.0,-0.04757810980672857,23
frc1218,36,119.63841775022571,81.24964186814347,-4.391162811435327,1.368418590266631,7.0,7.0,-0.2475041284620314,-0.024406782706773787,-47.43947066512224,-0.4018592901508682,-0.4581857870793642,6.0,6.0,12.0,-0.01890541259156761,18
frc3314,36,80.52113869400142,49.91940617893773,-0.8132762140857142,1.2866929855493425,4.0,8.0,5.802361849279195,-0.02517254668622111,-37.30176822226839,-0.35210259483583667,-0.4990660716724393,1.0,7.0,21.0,-0.022515010222870988,24
frc2607,36,108.30524013431234,73.11730878039506,-5.638831799973008,1.22325773997677,9.0,9.0,2.056075295048864,-0.0071478502776122005,-38.988948607926424,-0.4061209137485285,-0.5,5.0,2.0,23.0,-0.0065250647245296105,25
frc10979,36,32.11046904107516,9.685730638982937,-15.24688549223733,1.122306359973991,33.0,10.0,-7.64628371679637,-0.014942147577074235,-53.897132995843585,-0.472862853320476,-0.42974340158670915,13.0,4.0,8.0,-0.012200212408398619,20
frc272,36,118.75659743597035,77.96855270876809,-8.218967457559511,1.0286603947212543,13.0,11.0,-14.813145190430026,-0.07790986683317933,-63.83564635371392,-0.5594458122176805,-0.4229390583396391,32.0,37.0,7.0,-0.06034872335002822,18
frc1168,36,26.4432373756673,8.586351785820563,-11.052896207662508,1.0141238600301614,22.0,12.0,-17.50375673021845,-0.02696325690647773,-70.40054893207494,-0.5736867242659072,-0.4703016821054645,44.0,8.0,14.0,-0.022015407074814964,20
frc11,36,102.52808966368892,66.15778091569784,-5.803610167324003,0.9323456261831194,10.0,13.0,-4.877171175066737,-0.06809455973931547,-54.46016141381177,-0.4974796725827564,-0.45804536665596934,10.0,26.0,11.0,-0.0633925851916377,26
frc3637,36,65.57759064734154,44.48627474536947,-9.683831162693828,0.9200429483450753,18.0,14.0,-8.761920975651526,-0.06419806619548812,-51.78206771211318,-0.47838603487447745,-0.44060336421092905,14.0,24.0,10.0,-0.05621150806686187,23
frc8075,36,42.070866668471595,16.594557367628017,-9.314100096491046,0.9085084876242328,17.0,15.0,-11.088711407410601,-0.032638551664074256,-60.70853103367764,-0.5238901734085499,-0.5,17.0,9.0,23.0,-0.025974491358408056,19
frc316,36,192.80595908124235,140.43479379143196,0.7923730840515171,0.8882492000995105,3.0,16.0,-2.6353090379592228,-0.09007669686675068,-47.861170455871225,-0.40664099797520714,-0.4924197445776918,8.0,50.0,18.0,-0.08056704695307873,24
frc7045,36,64.1722119309434,35.33998006675979,-8.690563864606919,0.7626403306270582,15.0,17.0,-3.5917795798866217,-0.05784030748233707,-51.213475430725595,-0.5011549723603449,-0.5,9.0,21.0,23.0,-0.04603061380696353,19
frc5438,36,53.60534662416494,27.20753814604631,-19.07786257073361,0.7490801197212427,54.0,18.0,-14.732733483331797,-0.047188064021246146,-66.82206645181472,-0.5789804320975752,-0.43190412194365124,30.0,11.0,9.0,-0.03655171721881115,18
frc1923,36,54.2766080174348,29.98387098617192,-7.682918013960885,0.6837906398066024,12.0,19.0,-13.15204456915939,-0.0701285319998849,-61.26367497001516,-0.5315747000303985,-0.5,25.0,27.0,23.0,-0.060054486929258764,22
frc8513,36,171.11515521615866,123.39609711278493,-10.820284188248685,0.6371879989805462,20.0,20.0,-12.1041678579539,-0.05336617596284217,-61.76812067439911,-0.6115423158808353,-0.5,22.0,14.0,23.0,-0.05062759981677316,27
frc10584,36,32.7047932949866,10.803395676920067,-12.691441630826636,0.6093440818505758,26.0,21.0,-14.3340460143855,-0.04930721553322451,-60.53805048879823,-0.6298861269538162,-0.5,29.0,12.0,23.0,-0.0450111236588603,25
frc4285,36,60.1037571178323,36.30074758459168,-8.367925631124093,0.6002583902233143,14.0,22.0,-11.782827970130286,-0.08436822495046699,-57.387906321511316,-0.47906479743986635,-0.48703517143204544,20.0,43.0,16.0,-0.07387239894343259,23
frc9439,12,15.170934964404442,-4.656780956528242,-7.632420578040609,0.5840745268728785,11.0,23.0,-7.553968017014513,-0.05356205966949048,-90.46949636086865,-1.0300355096124243,-0.5,11.0,16.0,23.0,-0.02186661929379291,5
frc1640,36,69.90823030773902,44.21571414014391,-15.232925259776176,0.49413039675107573,31.0,24.0,-16.796556351665004,-0.05552307044931779,-59.90432533187144,-0.4832613281150488,-0.5,41.0,20.0,23.0,-0.04645393359537957,21
frc9094,36,122.47164093095657,85.74166951316795,-18.09630633291168,0.4210908255696583,47.0,25.0,-19.850505117743126,-0.055031143275863524,-74.589272294194,-0.6106230141980964,-0.5,51.0,19.0,23.0,-0.041425939705385294,17
frc1391,36,127.57162426981814,86.99168350932209,-10.690968129460197,0.4123533256402884,19.0,26.0,-9.538777844559053,-0.08861839724058601,-57.58554780157657,-0.5453542960345152,-0.5,16.0,49.0,23.0,-0.0775938287018319,23
frc1089,36,66.57735650237522,45.093497686163325,-15.48098401192916,0.36581867295101805,34.0,27.0,-11.653700132026644,-0.06031593361997549,-59.19044859902418,-0.521195313471347,-0.5,19.0,23.0,23.0,-0.06031593361997549,30
frc9027,36,27.10919354998621,9.067221397645579,-12.57566394211789,0.3620059044172609,24.0,28.0,-13.307820955754782,-0.08705646698474769,-51.49730898434857,-0.4606568779317421,-0.5,26.0,46.0,23.0,-0.07455070439306441,22
frc428,24,41.86263748915211,15.949618359042773,-13.963021443218592,0.3593229744801261,29.0,29.0,-19.935350933755096,-0.08317816860660604,-78.47395045441243,-0.8135586773874576,-0.5,53.0,41.0,23.0,-0.05881584706840914,15
frc430,24,22.550875922356944,-0.8269707352112268,-16.47406736534432,0.33761548004605424,39.0,30.0,-19.062639058540043,-0.07321476665215312,-85.13593062215566,-0.6827543673964775,-0.5,49.0,30.0,23.0,-0.05001520728172224,14
frc4638,12,45.19100993792194,9.003059275247235,-15.907905783647905,0.3350021314525126,37.0,31.0,-11.63271565175455,-0.08121968005712206,-97.67528064872228,-1.0768822211108753,-0.5,18.0,39.0,23.0,-0.03315779553534199,5
frc25,36,43.90301181900407,25.326120384646305,-19.097436480891194,0.33426550324508164,55.0,32.0,-22.469624945887386,-0.05350818812269027,-75.69772273948858,-0.6624168550522813,-0.5,65.0,15.0,23.0,-0.04685150389332374,23
frc9015,36,28.671641829839984,10.62077826887641,-19.941553290524713,0.321926151657599,63.0,33.0,-15.87735278605644,-0.050584828763068294,-66.01796325359392,-0.6078711803819062,-0.5,37.0,13.0,23.0,-0.0442918249502643,23
frc5401,36,53.77852202209927,39.08789141933288,-18.20049256806389,0.3043770538696671,48.0,34.0,-14.798893671463308,-0.058661991919806686,-59.41652258936497,-0.47920889579352144,-0.5,31.0,22.0,23.0,-0.054611342440920974,26
frc56,36,47.7632578143808,21.987963914308757,-17.459756467902313,0.29928734241452243,46.0,35.0,-17.17158206891077,-0.07018769375268524,-70.21160315618674,-0.6283257272225523,-0.5,43.0,28.0,23.0,-0.058723237717487206,21
frc1403,36,109.22222709081234,72.12303686468948,-16.487631915679078,0.28939403863197116,40.0,36.0,-13.910910637989272,-0.08104353576468017,-57.31839257483811,-0.5411068039225502,-0.5,28.0,38.0,23.0,-0.06449626322394678,19
frc190,12,241.5436897042954,120.31386419688333,-14.72618354579076,0.28641784228650996,30.0,37.0,-15.023060470478992,-0.10873793746570738,-83.65690298097657,-0.9398765845733837,-0.5,33.0,75.0,23.0,-0.04862908398128858,6
frc2234,12,12.751448212500335,0.7720058568664937,-19.168429503861415,0.2676086270235912,57.0,38.0,-29.185380155824486,-0.07683029285126715,-125.32344892471524,-1.3630724321203134,-0.5,103.0,33.0,23.0,-0.03136583571236777,5
frc1672,35,20.11835823295959,9.250887327690434,-16.64489944924232,0.25635215256533855,42.0,39.0,-15.314275078979858,-0.08457379891870065,-64.22773858075196,-0.5124698178366133,-0.4821713982221889,34.0,45.0,15.0,-0.07720496240279728,25
frc103,36,126.1697221977042,92.8049776812862,-10.945310163055597,0.24966552931174582,21.0,40.0,-12.89378308365134,-0.10456590728361226,-59.519512382815826,-0.530448021316796,-0.5,23.0,66.0,23.0,-0.09545517694204697,25
frc6226,24,23.141977995315795,5.524626321828973,-12.97962569210617,0.20702671759574368,27.0,41.0,-19.953799424676117,-0.1249322643008929,-82.12684423440085,-0.7869472069145761,-0.5,54.0,105.0,23.0,-0.08534498409140676,14
frc501,12,67.02556022498314,18.7933787576834,-19.42676263980996,0.20133681692548866,60.0,42.0,-25.34103001776055,-0.09747861845109258,-126.26404322612473,-1.2936292008980848,-0.5,81.0,59.0,23.0,-0.04359376344188166,6
frc834,24,39.11396934868527,20.425191950961985,-12.602476325349025,0.18574953113724024,25.0,43.0,-13.082720892697866,-0.11980932804402554,-71.84797832037007,-0.6113246082234836,-0.5,24.0,94.0,23.0,-0.0901891856909936,17
frc222,36,38.67766631426001,22.39001321836949,-15.703133744298325,0.18332338585768795,36.0,44.0,-21.786394848575366,-0.0941808526614809,-67.23190198539677,-0.5869662884799892,-0.5,61.0,52.0,23.0,-0.08065166379291432,22
frc8707,24,17.334485300063406,-1.1110603954982023,-17.08909144950077,0.18206478852989183,43.0,45.0,-22.81542593822931,-0.098182966524074,-91.46336194769528,-0.8409345404095275,-0.5,68.0,60.0,23.0,-0.06942584142618452,15
frc75,35,40.24920915776466,21.576645241366997,-20.81138374013314,0.17180779933334206,67.0,46.0,-21.32664776807563,-0.07419775277044323,-75.34542437672519,-0.6332028046177108,-0.5,57.0,32.0,23.0,-0.05747333216118837,18
frc11225,12,28.666472453106145,7.499494449002743,-19.76782929889557,0.17169683451217457,61.0,47.0,-15.750711988879774,-0.10731425663116473,-90.43225918905058,-0.874480072119455,-0.5,36.0,72.0,23.0,-0.04799239455642838,6
frc752,24,11.646527873632497,-4.4246607140798675,-15.235687728129594,0.16372694537255722,32.0,48.0,-18.193954631956547,-0.11434484076437387,-80.17700047944003,-0.8743200544636185,-0.5,47.0,85.0,23.0,-0.08085401229818474,15
frc5895,36,155.8173243964984,111.99112244393999,-19.26751576283728,0.16176374745577748,59.0,49.0,-16.114002162707777,-0.0740843086916458,-65.9994584550951,-0.623179341346273,-0.5,38.0,31.0,23.0,-0.06626302012023941,24
frc862,12,83.22473927414006,31.64740792286149,-19.067156795381397,0.1535508506960506,53.0,50.0,-16.875608608858517,-0.11386379045758685,-93.45166145845766,-1.153376462331794,-0.5,42.0,83.0,23.0,-0.055001436175668696,7
frc4342,24,25.945701443133284,5.396991305993367,-18.585087328474888,0.15258848692791924,49.0,51.0,-15.566070713017252,-0.08841657157956553,-67.82828326158757,-0.642759366093969,-0.5,35.0,48.0,23.0,-0.06655757713139189,17
frc6016,23,17.385186286254168,-4.406085989967551,-23.925402185085442,0.13896682802017685,83.0,52.0,-31.76168962495195,-0.07058310711794952,-113.65950568891502,-0.9352832053082989,-0.5,110.0,29.0,23.0,-0.0427401938517922,11
frc1626,24,41.634246321046305,16.663164482326497,-24.133993512740545,0.1282466762454858,87.0,53.0,-18.579335883111764,-0.06641273145064067,-80.2424830227222,-0.8287854495282753,-0.5,48.0,25.0,23.0,-0.043718211950152575,13
frc10157,36,29.18517817947952,14.870223510495803,-17.425924864714997,0.09324501950414031,45.0,54.0,-16.679456850475404,-0.09483116791790429,-70.37622139627703,-0.6067995859860046,-0.5,40.0,53.0,23.0,-0.08303369986527488,23
frc1676,36,84.6669564721276,56.01969271318303,-18.963036509266104,0.08637121280347108,52.0,55.0,-25.06147371680654,-0.09374765799487578,-81.82779003565226,-0.5835746062179672,-0.5,78.0,51.0,23.0,-0.07654464222279787,20
frc2095,12,5.731217107983967,-3.7560743339920415,-23.250082207765733,0.08343209181693377,79.0,56.0,-22.780312933249434,-0.09563414122614405,-96.76151370626854,-0.9670667769905635,-0.5,67.0,56.0,23.0,-0.049385258173027205,8
frc4361,23,19.2105327669179,1.475065842682899,-23.45325222231493,0.07318634834640064,80.0,57.0,-19.355378480392652,-0.07725397106577622,-79.56221167964824,-0.8329635897679541,-0.5,50.0,35.0,23.0,-0.05462680681419971,15
frc203,24,14.133196306307886,-7.325628451547122,-20.974024360095516,0.07257897529412258,68.0,58.0,-11.871826788787667,-0.10133325738759254,-78.44568508568274,-0.8842300350909329,-0.5,21.0,63.0,23.0,-0.0667057163183039,13
frc7110,36,4.176888121971331,-8.621720912912423,-13.566889436904376,0.07152461793556404,28.0,59.0,-13.516318083190557,-0.1056695638216168,-58.12044243549199,-0.5120625512824153,-0.5,27.0,69.0,23.0,-0.10389347827290406,29
frc2539,36,120.97968248610017,84.06455836974676,-15.593541448059488,0.06374939106776681,35.0,60.0,-17.581725319633744,-0.11650927893416993,-66.87037918372738,-0.578126934874298,-0.49183118939155657,45.0,88.0,17.0,-0.09977258569879882,22
frc365,36,35.5007314534069,17.092793116465355,-20.325335261257376,0.05806471700820881,64.0,61.0,-24.105870214811702,-0.09543234202928351,-74.30495153890293,-0.647061680775377,-0.4990660716724393,75.0,55.0,21.0,-0.07392157427379703,18
frc8117,36,14.14524871876754,1.893508800413279,-16.538395199819888,0.05143767062402682,41.0,62.0,-16.590335764677963,-0.1060361763460554,-65.9477960629343,-0.5482765952785738,-0.49519786670094473,39.0,70.0,20.0,-0.09484163935357405,24
frc3142,24,36.381424703291344,10.181510643772098,-22.105261512298696,0.04501364087804422,75.0,63.0,-23.457714687450324,-0.10782979001637145,-93.07701012283214,-0.8354836778957483,-0.5,69.0,74.0,23.0,-0.06529418038506503,11
frc7587,36,61.73356721202461,40.130485283197146,-12.018850539672986,0.042539684927392865,23.0,64.0,-20.759180408408806,-0.13092507067388048,-67.4538195652262,-0.4968651635457954,-0.5,55.0,110.0,23.0,-0.11463734194000572,23
frc6945,23,3.4678916849703256,-9.285249133788104,-24.29970602591758,0.042436073610221024,89.0,65.0,-30.38832802078034,-0.08373164631451015,-105.85893760276328,-1.073707172089937,-0.5,108.0,42.0,23.0,-0.05511891742072978,13
frc5732,24,32.98124981163896,4.883065375169551,-20.97439387259531,0.027626697322620027,69.0,66.0,-29.02920928441766,-0.11567118948210513,-106.32901658154718,-0.8679792531542614,-0.5,102.0,87.0,23.0,-0.07315688368487293,12
frc8704,24,-2.6008792373288045,-11.16672919982553,-19.838192699099434,0.01583881256974429,62.0,67.0,-25.134143994327562,-0.13251389952224776,-86.56738762487021,-0.7225328704334273,-0.5,79.0,111.0,23.0,-0.08024115096227456,11
frc5407,24,42.73344812727958,16.31445902511295,-21.697110670503278,0.010821301043977412,72.0,68.0,-23.50634299690136,-0.12494925019736056,-100.24621416254678,-0.9483519540246521,-0.5,70.0,106.0,23.0,-0.07213948323648801,10
frc2720,24,33.64786377397971,4.612562870501572,-22.692913012766276,0.006276951050478654,78.0,69.0,-26.86711083629687,-0.11789379078141939,-108.91725800860385,-1.2802340372560528,-0.5,93.0,90.0,23.0,-0.0680660118434379,10
frc1647,24,46.045575880537854,14.189038058060158,-24.010351186263666,0.005822533249999694,84.0,70.0,-34.83093664180379,-0.1129751352131854,-125.36044919080814,-1.2926226412041824,-0.5,117.0,81.0,23.0,-0.06187902999345785,9
frc484,36,118.58347920573983,82.7708789355651,-17.291252283349586,-0.0015214808973934755,44.0,71.0,-17.711187180633935,-0.1106794953515605,-72.85249730001267,-0.6595251680214551,-0.5,46.0,77.0,23.0,-0.09478025729867204,22
frc8706,36,89.2884105794997,60.62245002678642,-18.644430520143793,-0.020723299393919634,50.0,72.0,-26.580983955549517,-0.10773307417390705,-75.62310515985904,-0.5799828109834311,-0.49337070706406366,88.0,73.0,19.0,-0.09433054493501258,23
frc102,24,46.29569274484861,20.22421033959347,-25.424520252408357,-0.03979345208608287,96.0,73.0,-27.80359221234459,-0.08450804966725585,-95.60142651822339,-0.9443619201285175,-0.5,96.0,44.0,23.0,-0.06171595345803063,16
frc4750,24,26.544626816367767,2.494520533175088,-22.14130851418787,-0.04146679244391098,76.0,74.0,-26.97518264736002,-0.12259742292819227,-98.10735281783583,-1.0283566788606213,-0.5,94.0,101.0,23.0,-0.07753741834400742,12
frc2559,24,46.48065954056966,20.570740427374755,-28.547750124416527,-0.041512450269597975,108.0,75.0,-25.733437816886564,-0.07785029077918228,-101.40219493797353,-0.8304245190304669,-0.5,84.0,36.0,23.0,-0.047140692088836776,11
frc2016,36,33.71401847210146,14.024898162201689,-25.093559518655926,-0.04465822207594404,91.0,76.0,-28.365582818879417,-0.07692446019099092,-82.04927005236304,-0.6846356086626781,-0.5,99.0,34.0,23.0,-0.06280855873565505,20
frc2458,24,21.507829054626832,-1.6623490922822128,-25.91711594829702,-0.0547047142036089,100.0,77.0,-35.55311893623904,-0.1191305338300449,-127.19590761500658,-0.9446409128259023,-0.5,119.0,92.0,23.0,-0.06151874313980842,8
frc1257,24,49.49152897030305,17.23757845566229,-21.4827572175305,-0.06302408386245753,70.0,78.0,-22.628996113495006,-0.11845069321442969,-84.1498986610212,-0.8287918672223584,-0.5,66.0,91.0,23.0,-0.08375728840817061,15
frc2191,24,46.09091005537557,15.955508194224935,-16.13465144781025,-0.11862520014704939,38.0,79.0,-19.880510178216063,-0.1714454707526172,-84.76103235035077,-1.0500343425697116,-0.5,52.0,140.0,23.0,-0.11711955318992232,14
frc5789,36,50.60004005680091,25.733091305290166,-21.617923613706488,-0.12511223620287526,71.0,80.0,-25.870332666380214,-0.111498367567921,-83.13320433082522,-0.9657176709188617,-0.5,86.0,79.0,23.0,-0.08873290134553871,19
frc87,24,41.51109732461046,13.601973890946043,-25.289499366952132,-0.1317523848514955,94.0,81.0,-29.83746373867131,-0.11946685866463362,-110.61093617911956,-1.1161889693621343,-0.5,106.0,93.0,23.0,-0.07555747565713282,12
frc1279,35,42.6118672045852,18.043772847413624,-25.789681588691106,-0.13438648893638303,99.0,82.0,-29.54904393327059,-0.08826754700239073,-87.75245752819846,-0.819902615688492,-0.5,105.0,47.0,23.0,-0.07024529337081735,19
frc10993,36,20.36543194373499,8.049416043392908,-25.241348657237292,-0.13626656870948958,93.0,83.0,-28.051624479957134,-0.10667726215692007,-76.02412141992171,-0.6006243053787809,-0.46702990266236766,98.0,71.0,13.0,-0.09135294955072468,22
frc9100,24,50.090653990233974,19.87209621139601,-29.882124201739867,-0.17889576757535863,112.0,84.0,-26.730263870844762,-0.09996125503745382,-98.15157065680009,-0.9687022434539855,-0.5,90.0,61.0,23.0,-0.06052954584203534,11
frc5490,24,7.509267327624286,-6.58835874794019,-27.02100607158304,-0.18070017533614433,106.0,85.0,-28.04855128872384,-0.10517036842514384,-91.04956647505476,-0.9662765232804853,-0.5,97.0,68.0,23.0,-0.07436668069330678,15
frc219,24,73.52690802911022,42.63957366437412,-27.99475611623112,-0.18356628127244615,107.0,86.0,-28.930848503733994,-0.09606636149787268,-96.44172696500786,-0.9608371998694935,-0.5,101.0,57.0,23.0,-0.07015695094644085,16
frc8130,24,18.514909597253574,4.151141164654119,-24.232640725810402,-0.1859727087049929,88.0,87.0,-25.64809416055654,-0.12098698499130311,-91.3014761164023,-0.8095370858338499,-0.5,83.0,98.0,23.0,-0.08835640112570091,16
frc10949,36,7.849120578686534,-2.992344804235784,-26.655735843306235,-0.18848690939387805,104.0,88.0,-24.525652770753684,-0.08251853925633408,-81.47139947807254,-0.696291086345599,-0.5,77.0,40.0,23.0,-0.07225282333191334,23
frc10989,23,37.75034033282115,9.510449045912571,-25.024600443132925,-0.18953270745129205,90.0,89.0,-25.89583519350197,-0.13549440123891782,-96.81113867904556,-0.9443499100661157,-0.5,87.0,115.0,23.0,-0.08569418362314413,12
frc4573,24,50.40486836225138,18.836423902074202,-28.792646067506123,-0.19918146683896057,110.0,90.0,-31.597214401042198,-0.1133088950483088,-118.77203919378611,-1.3805046453318206,-0.5,109.0,82.0,23.0,-0.06861194324308152,11
frc423,36,26.48110196696255,11.1186986790417,-18.691708349019127,-0.21058811834080787,51.0,91.0,-24.35381222827355,-0.12864216851399113,-75.86933319309765,-0.646985998807466,-0.5,76.0,109.0,23.0,-0.1126384441416559,23
frc5992,24,28.086402148457168,5.425236282429895,-26.132081748692276,-0.21096968108989583,101.0,92.0,-25.469185790338905,-0.12598044706480266,-93.40000480113828,-0.8994560467154432,-0.5,82.0,107.0,23.0,-0.08293048284646165,13
frc555,36,34.442095863574494,21.65334665420225,-23.783619944771335,-0.2375089831560541,82.0,93.0,-23.795386381645116,-0.112222061550493,-79.57793401323286,-0.6503382575525978,-0.5,71.0,80.0,23.0,-0.09162892956063835,20
frc321,36,36.65426321477706,11.938645295475576,-20.735935514626824,-0.2375867703821818,65.0,94.0,-21.385212856653773,-0.12117651220719589,-77.12371073050707,-0.789414083552798,-0.5,59.0,99.0,23.0,-0.10610155254065418,23
frc4652,24,25.21566694446931,2.874331645357964,-25.655779642097755,-0.24601849054096617,98.0,95.0,-37.276014012234434,-0.14899699383699064,-121.06094814874777,-1.0424252375790908,-0.5,125.0,125.0,23.0,-0.09022216023000529,11
frc293,36,47.04294383026826,23.741613957226683,-19.17673495877888,-0.25352897843150635,58.0,96.0,-20.984088079613095,-0.1378931285609533,-77.69892530326537,-0.8202801370793477,-0.5,56.0,117.0,23.0,-0.11536966860067387,21
frc11104,24,25.639286028294435,6.510610607697664,-30.14002372886576,-0.2587851435553352,113.0,97.0,-33.88967851033299,-0.10360220685579309,-108.23689227249255,-1.108071309491867,-0.5,116.0,65.0,23.0,-0.07077378085973825,14
frc433,36,32.180002392071074,15.215077918138205,-20.80764476399348,-0.27639109684773916,66.0,98.0,-21.922695869391937,-0.12083793201002203,-73.19190242459815,-0.6642874411031969,-0.5,63.0,97.0,23.0,-0.11030943527360774,25
frc714,24,30.778864427667273,10.203496389588407,-28.68697119241996,-0.2779553473552956,109.0,99.0,-35.96417169179987,-0.1177249871398798,-110.50842357141417,-0.9988359457937704,-0.5,120.0,89.0,23.0,-0.08042147647637167,14
frc11366,24,11.956685448169157,-2.045305358154796,-25.41090776653209,-0.2913561934131431,95.0,100.0,-26.861889176729115,-0.13404483492111838,-87.13774024020235,-0.9275536245229837,-0.5,92.0,113.0,23.0,-0.09789250640447034,16
frc9116,24,15.195335068894579,0.430039478177244,-32.386228353232305,-0.29357016003215614,119.0,101.0,-33.02649968732961,-0.09530731722842795,-102.59867185454333,-0.9128428974734202,-0.5,111.0,54.0,23.0,-0.06510729248502627,14
frc2722,24,39.61257355522259,18.570938924956206,-28.9777005015298,-0.3190407829193809,111.0,102.0,-35.19602297868029,-0.12433882201764525,-104.03146694219575,-0.9050166891950779,-0.5,118.0,104.0,23.0,-0.08493958583414828,14
frc4653,24,43.03428833352334,12.150204992881836,-34.682875945973194,-0.3323539162476334,126.0,103.0,-33.771535400526915,-0.10353409236962163,-120.99712180422257,-1.2931823564530696,-0.5,114.0,64.0,23.0,-0.05977543609990463,10
frc10170,23,16.51532493854492,-1.6650355082448092,-24.0492073298421,-0.3394474832506113,85.0,104.0,-26.796935049014643,-0.1643996413723045,-95.0898527136875,-1.0119242555506862,-0.5,91.0,138.0,23.0,-0.11230633540556126,14
frc10070,36,41.99150347211369,26.94608009596008,-26.316307080101982,-0.34047936148696734,102.0,105.0,-27.099560787156737,-0.1004287277617756,-77.17109258475917,-0.6621332225366463,-0.5,95.0,62.0,23.0,-0.09167846602778301,25
frc10995,23,18.203776102142378,-1.527708758499026,-33.32001244783153,-0.3427246288106464,121.0,106.0,-30.25265597936309,-0.09728388651421671,-103.3391390438376,-0.8656819195804532,-0.5,107.0,58.0,23.0,-0.06879009585438516,15
frc6860,24,32.63031065809131,6.430092408159617,-31.392184657475013,-0.3473148169568602,117.0,107.0,-41.510191326479685,-0.12260124018993904,-136.70163939396937,-1.5902998032110467,-0.5,130.0,102.0,23.0,-0.07753983259231638,12
frc709,12,20.776800184821614,6.9861378629025825,-39.25561327535633,-0.3540161309045567,134.0,108.0,-44.223944027626715,-0.12051571731712475,-139.3236165724294,-1.2724149503470676,-0.5,133.0,96.0,23.0,-0.06223404881672866,8
frc10600,23,16.656547664588306,-0.49154780306939644,-32.14944286549781,-0.37191916169360684,118.0,109.0,-37.46898066371175,-0.136184809007697,-125.05175603436729,-1.064845007208243,-0.5,126.0,116.0,23.0,-0.07862633614013163,10
frc708,48,53.60656322915288,29.378036525021805,-24.072193315314557,-0.37773307331459705,86.0,110.0,-29.427557536929392,-0.1150798685283308,-85.48907437933329,-0.8194516266411378,-0.5,104.0,86.0,23.0,-0.10076336160057578,23
frc2590,36,100.7137614943374,63.13323561306793,-26.57939810450736,-0.3845295102597162,103.0,111.0,-25.812824725976558,-0.1142554361172202,-78.11056956250488,-0.6341690918961138,-0.5,85.0,84.0,23.0,-0.09559295621349582,21
frc486,36,21.8072135446124,9.130733147995265,-26.90467936050549,-0.40355546856164154,105.0,112.0,-23.80960933060773,-0.10995866452265476,-76.97585852207442,-0.7246055602090229,-0.5,72.0,76.0,23.0,-0.09627926079603573,23
frc8630,24,27.1523138646762,6.125349064522403,-33.76221169106324,-0.41337997289184836,123.0,113.0,-33.76759547932773,-0.11981236763351359,-114.37983892759216,-1.1592457558289955,-0.5,113.0,95.0,23.0,-0.07577599471586821,12
frc5113,36,35.93572279434332,17.96876956684635,-22.570324857932928,-0.4506542601890435,77.0,114.0,-22.045034844652132,-0.14289660346716693,-77.46497618293613,-0.6625831360718738,-0.5,64.0,121.0,23.0,-0.122369340415803,22
frc8721,24,24.010092773604484,9.869374062210436,-34.921433632394574,-0.45172816694876133,128.0,115.0,-36.49375612313589,-0.11092988062237455,-109.34525341720027,-0.8787791236500248,-0.5,123.0,78.0,23.0,-0.07577953501408317,14
frc9416,35,5.223404432356816,-5.550616916048996,-21.772556790999214,-0.4537518570631654,73.0,116.0,-21.681257454138436,-0.14862262942867532,-71.71800335521984,-0.6087667616413273,-0.5,60.0,124.0,23.0,-0.12727281609760632,22
frc8714,24,15.480119101178,-1.0949281764903365,-25.564991264082874,-0.4673668977909096,97.0,117.0,-25.339882168360912,-0.1676410152608447,-90.07597285225023,-1.016066103902936,-0.5,80.0,139.0,23.0,-0.12242768749524326,16
frc427,36,24.77674156876172,8.572774527865116,-19.12364076006313,-0.4862329764266184,56.0,118.0,-23.960098840551332,-0.1534954853431149,-72.11365155026316,-0.6692039254237444,-0.5,74.0,131.0,23.0,-0.14289652019773827,26
frc6808,35,38.527892651133435,13.115648838846058,-23.771643933129308,-0.49946592262196543,81.0,119.0,-38.83397595907114,-0.17425905159404514,-105.50927442889197,-0.8983266859290798,-0.5,128.0,143.0,23.0,-0.12321975706528579,15
frc10400,24,40.544417603100136,22.13682580520592,-30.612592684564255,-0.5227304150879714,115.0,120.0,-40.87266588913126,-0.16166444068659946,-116.28651239819443,-1.0186318546718216,-0.5,129.0,136.0,23.0,-0.10642056317157311,13
frc9424,24,6.760494290348351,-8.368451738600424,-34.394434596745604,-0.52816291646109,124.0,121.0,-44.60523827378448,-0.1411210331511047,-136.66412792324874,-1.45564558090778,-0.5,135.0,119.0,23.0,-0.08925277810272393,12
frc2180,24,18.64286446060337,-5.516943535441127,-34.51144925947634,-0.541933041490709,125.0,122.0,-26.588377930564516,-0.1433684438518532,-109.73306097067677,-1.274651066964215,-0.5,89.0,122.0,23.0,-0.090674165433164,12
frc4575,48,41.7091280458206,21.196782105418166,-21.886862560993375,-0.5641324541295175,74.0,123.0,-23.834604380811854,-0.1424680374898218,-77.93844463070506,-0.7734369046860129,-0.5,73.0,120.0,23.0,-0.13005492976111183,25
frc10143,24,40.76280976932122,14.425744480500892,-38.13488002481155,-0.5943631862528582,132.0,124.0,-44.656590714066176,-0.13377484604861165,-128.6717444531352,-1.0989194613651871,-0.5,136.0,112.0,23.0,-0.0810046920016833,11
frc193,36,81.10526782323677,50.30877354679798,-25.187983555047534,-0.6004663811564555,92.0,125.0,-36.104021921098216,-0.15239866782792766,-91.27925542595122,-0.8201081561059017,-0.5,121.0,128.0,23.0,-0.12750587346867173,21
frc8588,24,50.18282555273329,19.263698818695605,-39.03294242147311,-0.6266437268763329,133.0,126.0,-36.5293111319634,-0.13438905170948443,-124.90658054759842,-1.4825991043166502,-0.5,124.0,114.0,23.0,-0.08137661199900932,11
frc3340,24,16.239157510893286,-5.580099489091085,-40.566446910109406,-0.6675771346233561,138.0,127.0,-21.330868996468247,-0.12645160134575323,-89.20851501659467,-1.0975951717663837,-0.5,58.0,108.0,23.0,-0.07997501480563865,12
frc816,24,14.423613379641925,-0.7718236821156419,-34.78112374098658,-0.6892509300000395,127.0,128.0,-37.92636762633982,-0.15632987513300872,-117.82518291113519,-1.0537490261694213,-0.5,127.0,132.0,23.0,-0.11054191480859671,15
frc6921,36,51.05633211890408,29.808103287031184,-30.707542093432316,-0.7137710993875087,116.0,129.0,-28.581611851894024,-0.1403456937077662,-87.93597720928328,-0.7679996876560283,-0.5,100.0,118.0,23.0,-0.11459177906032098,20
frc4637,24,-0.1729059002842206,-7.0466825662611186,-40.61667245143796,-0.7161609877156542,139.0,130.0,-46.287717556779974,-0.12262772083748873,-127.91866999344013,-1.0963730429660705,-0.5,138.0,103.0,23.0,-0.08671089296563918,15
frc303,36,49.21959539145749,26.328431483999502,-33.71259727533515,-0.7243089012427774,122.0,131.0,-21.855802874168646,-0.12139423064986413,-76.6541326914529,-0.659818694283212,-0.5,62.0,100.0,23.0,-0.10156570023659901,21
frc6897,24,29.308648902411548,-2.5240458508817714,-36.703715153759234,-0.7338887778159741,130.0,132.0,-42.29926951804705,-0.15248840883721576,-120.19712133960658,-1.42793981926074,-0.5,131.0,129.0,23.0,-0.10782558794114193,15
frc10366,24,21.74635313467647,-2.1026286535323773,-36.23100388502871,-0.7654749214928903,129.0,133.0,-44.957630796350145,-0.1740946927712064,-124.71175233350542,-1.3905175386572755,-0.5,137.0,142.0,23.0,-0.11460315683032903,13
frc7414,24,17.822606380317396,8.547318036734712,-37.54126088199533,-0.8180440829634683,131.0,134.0,-44.1324162219193,-0.15874554056703014,-119.60262991395916,-1.083894014529793,-0.5,132.0,135.0,23.0,-0.11593135129588511,16
frc8771,24,26.965114259112013,8.007880123457447,-39.63895186075136,-0.8319701855298521,136.0,135.0,-53.0348093526423,-0.15805974608934167,-140.63863830725452,-1.2779858143434775,-0.5,140.0,134.0,23.0,-0.10797536241717061,14
frc10232,24,41.546031744523916,14.58960867104081,-44.13220952423343,-0.8613369133639068,142.0,136.0,-44.45803433257043,-0.15006216873488698,-137.28878220974613,-1.5996909944168494,-0.5,134.0,126.0,23.0,-0.09086715566136361,11
frc5624,24,43.12036988986775,12.486951603348016,-41.927904146673534,-0.8741339128041,141.0,137.0,-36.16218041887921,-0.15671922303714156,-116.50892256531087,-1.3658404399414126,-0.5,122.0,133.0,23.0,-0.10316522238651117,13
frc5684,24,35.90935529942726,15.883412783876077,-49.16068605414282,-0.9100896635906752,144.0,138.0,-54.46155462269949,-0.10465436935012773,-143.35990006352264,-1.3648421566246054,-0.5,143.0,67.0,23.0,-0.0740018142482769,15
frc2495,24,51.38886751968835,17.654076805129648,-40.14412612043614,-0.9321540478772005,137.0,139.0,-54.214519676058856,-0.17560255161487526,-138.31791906006416,-1.6181395967002885,-0.5,142.0,144.0,23.0,-0.11995938005163372,14
frc204,24,42.65797256861276,15.482066304698826,-45.62831562962961,-0.969088211788038,143.0,140.0,-56.07472668571659,-0.150748454629654,-150.48692569116744,-1.7845854650284654,-0.5,145.0,127.0,23.0,-0.09923478144480981,13
frc2554,36,1.031923404799997,-4.503199977919961,-30.18725832049252,-0.9761500768057162,114.0,141.0,-33.85381982498841,-0.15300197215100567,-82.14294464134264,-0.6942027563662728,-0.5,115.0,130.0,23.0,-0.14781394809001383,28
frc10918,36,11.034619520122305,4.927017657872409,-32.49104554885438,-0.9782691176044999,120.0,142.0,-33.45430659243983,-0.14730033778156795,-90.67168356191412,-0.76716305686017,-0.5,112.0,123.0,23.0,-0.1371291516873375,26
frc10997,24,29.319499211252257,8.962568738372973,-50.92288860162792,-1.2772125105014847,145.0,143.0,-54.90854234430623,-0.16204306993231818,-145.71038125798418,-1.4569759049205526,-0.5,144.0,137.0,23.0,-0.11833952625242372,16
frc1811,36,30.696382281940327,11.020130178385424,-39.39270668085386,-1.2823771377440083,135.0,144.0,-51.94841603867875,-0.17148844273605876,-122.27422528381359,-1.158209266785117,-0.5,139.0,141.0,23.0,-0.1400197271626121,20
frc9014,36,49.76050812412758,26.60328903173816,-41.638819981876665,-1.4666196906541638,140.0,145.0,-53.136327581584595,-0.18488142937854796,-131.80655871020383,-1.2510950582058062,-0.5,141.0,145.0,23.0,-0.15095505496461525,20
