team_key,match_count,opr,ridge_offense,ridge_defense,suppression_rating_abs,suppression_rating_pct,suppression_samples,expected_score_against_total,actual_score_against_total,avg_expected_score_against,avg_actual_score_against,avg_absolute_suppression,aggregate_suppression_pct,avg_match_suppression_pct,avg_opponent_offense_seen,sample_reliability,suppression_reliability,suppression_rating_pct_shrunk,defensive_specialist_index,defensive_specialist_index_shrunk,rank_ridge_defense_best,rank_suppression_abs_best,rank_suppression_pct_best,rank_avg_match_suppression_pct_best,rank_defensive_specialist_best
frc1807,36,40.09655233263723,23.060615548608794,6.3844663756892475,5.331365404569764,-0.003532781430358736,25,3007.312502993823,3842.7906592738136,120.29250011975292,153.71162637095256,-33.419126251199586,-0.27781554309645545,-0.2433720028805967,93.13121411596393,0.8660254037844386,0.9128709291752769,-0.003224973466904743,3.426408825935456,2.9673570870113175,1.0,2.0,1.0,1.0,1.0
frc5181,36,98.64059199941283,61.898855345212205,-1.1647814984342493,4.672236635099981,-0.01136994808629318,24,2467.6061943575874,3302.403576281762,102.81692476489947,137.6001490117401,-34.783224246840604,-0.33830251513917287,-0.2829902984465325,76.40976819898387,0.8660254037844386,0.8944271909999159,-0.010169590728638078,2.7859318075152384,2.412687718519295,5.0,3.0,3.0,2.0,2.0
frc341,36,198.75525718114196,138.49809164420762,2.913698104256838,2.232716420182398,-0.01758267786096285,24,2517.518194681974,3455.264964508956,104.89659144508225,143.9693735212065,-39.07278207612426,-0.3724885769675414,-0.3810668679967416,80.09536299269755,0.8660254037844386,0.8944271909999159,-0.01572642516943741,2.379462545485264,2.0606750117438235,2.0,4.0,5.0,5.0,3.0
frc1712,36,23.251832686351378,9.16757947730463,-3.5099426476552478,-2.621043689299793,-0.05468013489466055,25,2801.055324019853,3944.116056466542,112.04221296079412,157.76464225866167,-45.72242929786758,-0.40808216911840894,-0.3594868031734183,85.06240007769608,0.8660254037844386,0.9128709291752769,-0.04991590554871826,1.8616587404339162,1.6122437623931116,6.0,7.0,18.0,4.0,4.0
frc223,36,31.42633113104464,12.897393228896362,-4.956809618248909,-7.5689879304517245,-0.03861117839430893,20,2656.308947245544,3699.6969400474914,132.8154473622772,184.98484700237458,-52.16939964009738,-0.39279617451271526,-0.389104219046954,80.86121962967968,0.8660254037844386,0.816496580927726,-0.03152589514454373,1.811387366539427,1.568707475517338,8.0,12.0,10.0,6.0,5.0
frc41,36,20.022056510280937,3.353143565048956,-8.955841094016268,-8.928096341406457,-0.05433803055408905,23,2644.121214341769,4020.3368829736755,114.961791927903,174.79725578146414,-59.83546385356118,-0.5204813081818204,-0.35809494579176865,83.67376374829661,0.8660254037844386,0.8755950357709131,-0.04757810980672857,1.6377728694064202,1.4183529105348938,16.0,15.0,17.0,3.0,6.0
frc1218,36,119.63841775022571,81.24964186814347,-4.391162811435327,-0.2475041284620314,-0.024406782706773787,18,2124.899169686038,2978.8096416582384,118.04995387144656,165.4894245365688,-47.43947066512224,-0.4018592901508682,-0.4581857870793642,70.83896689059445,0.8660254037844386,0.7745966692414834,-0.01890541259156761,1.5801136829090554,1.368418590266631,7.0,6.0,6.0,12.0,7.0
frc3314,36,80.52113869400142,49.91940617893773,-0.8132762140857142,5.802361849279195,-0.02517254668622111,24,2542.5613172542417,3437.8037545886837,105.9400548855934,143.24182310786182,-37.30176822226839,-0.35210259483583667,-0.4990660716724393,78.73339843030172,0.8660254037844386,0.8944271909999159,-0.022515010222870988,1.4857450831426324,1.2866929855493425,4.0,1.0,7.0,21.0,8.0
frc2607,36,108.30524013431234,73.11730878039506,-5.638831799973008,2.056075295048864,-0.0071478502776122005,25,2400.0825424166974,3374.8062576148586,96.00330169666789,134.99225030459434,-38.988948607926424,-0.4061209137485285,-0.5,75.41467879330533,0.8660254037844386,0.9128709291752769,-0.0065250647245296105,1.4124963709277627,1.22325773997677,9.0,5.0,2.0,23.0,9.0
frc10979,36,32.11046904107516,9.685730638982937,-15.24688549223733,-7.64628371679637,-0.014942147577074235,20,2279.609515417595,3357.5521753344683,113.98047577087975,167.87760876672343,-53.897132995843585,-0.472862853320476,-0.42974340158670915,76.06440375468718,0.8660254037844386,0.816496580927726,-0.012200212408398619,1.2959277580884256,1.122306359973991,33.0,13.0,4.0,8.0,10.0
frc272,36,118.75659743597035,77.96855270876809,-8.218967457559511,-14.813145190430026,-0.07790986683317933,18,2053.892636736296,3202.934271103147,114.10514648534978,177.9407928390637,-63.83564635371392,-0.5594458122176805,-0.4229390583396391,73.77130928681764,0.8660254037844386,0.7745966692414834,-0.06034872335002822,1.1877947115940457,1.0286603947212543,13.0,32.0,37.0,7.0,11.0
frc1168,36,26.4432373756673,8.586351785820563,-11.052896207662508,-17.50375673021845,-0.02696325690647773,20,2454.3203094741257,3862.331288115624,122.71601547370628,193.1165644057812,-70.40054893207494,-0.5736867242659072,-0.4703016821054645,80.43023602688048,0.8660254037844386,0.816496580927726,-0.022015407074814964,1.171009367160072,1.0141238600301614,22.0,44.0,8.0,14.0,12.0
frc11,36,102.52808966368892,66.15778091569784,-5.803610167324003,-4.877171175066737,-0.06809455973931547,26,2846.2754858060225,4262.239682565128,109.4721340694624,163.93229548327415,-54.46016141381177,-0.4974796725827564,-0.45804536665596934,86.72553770774786,0.8660254037844386,0.9309493362512627,-0.0633925851916377,1.0765799965091885,0.9323456261831194,10.0,10.0,26.0,11.0,13.0
frc3637,36,65.57759064734154,44.48627474536947,-9.683831162693828,-8.761920975651526,-0.06419806619548812,23,2489.5951607180664,3680.5827180966694,108.24326785730723,160.0253355694204,-51.78206771211318,-0.47838603487447745,-0.44060336421092905,77.55583670438975,0.8660254037844386,0.8755950357709131,-0.05621150806686187,1.0623740877860923,0.9200429483450753,18.0,14.0,24.0,10.0,14.0
frc8075,36,42.070866668471595,16.594557367628017,-9.314100096491046,-11.088711407410601,-0.032638551664074256,19,2201.7249954034937,3355.1870850433693,115.88026291597335,176.588793949651,-60.70853103367764,-0.5238901734085499,-0.5,75.08434288609439,0.8660254037844386,0.7958224257542215,-0.025974491358408056,1.0490552397818211,0.9085084876242328,17.0,17.0,9.0,23.0,15.0
frc316,36,192.80595908124235,140.43479379143196,0.7923730840515171,-2.6353090379592228,-0.09007669686675068,24,2824.7719651006355,3973.4400560415447,117.69883187919315,165.56000233506435,-47.861170455871225,-0.40664099797520714,-0.4924197445776918,86.26982208604966,0.8660254037844386,0.8944271909999159,-0.08056704695307873,1.0256618295698443,0.8882492000995105,3.0,8.0,50.0,18.0,16.0
frc7045,36,64.1722119309434,35.33998006675979,-8.690563864606919,-3.5917795798866217,-0.05784030748233707,19,1941.6270152940456,2914.683048477831,102.19089554179187,153.40437097251743,-51.213475430725595,-0.5011549723603449,-0.5,65.05155148261082,0.8660254037844386,0.7958224257542215,-0.04603061380696353,0.8806212003647945,0.7626403306270582,15.0,9.0,21.0,23.0,17.0
frc5438,36,53.60534662416494,27.20753814604631,-19.07786257073361,-14.732733483331797,-0.047188064021246146,18,2077.4401507406355,3280.237346873301,115.41334170781309,182.2354081596278,-66.82206645181472,-0.5789804320975752,-0.43190412194365124,72.64395414385814,0.8660254037844386,0.7745966692414834,-0.03655171721881115,0.8649632175313131,0.7490801197212427,54.0,30.0,11.0,9.0,18.0
frc1923,36,54.2766080174348,29.98387098617192,-7.682918013960885,-13.15204456915939,-0.0701285319998849,22,2535.487202952395,3883.2880522927285,115.24941831601795,176.51309328603313,-61.26367497001516,-0.5315747000303985,-0.5,83.10116884932103,0.8660254037844386,0.8563488385776752,-0.060054486929258764,0.7895734199233767,0.6837906398066024,12.0,25.0,27.0,23.0,19.0
frc8513,36,171.11515521615866,123.39609711278493,-10.820284188248685,-12.1041678579539,-0.05336617596284217,27,2727.1036114755966,4394.842869684373,101.00383746205914,162.77195813645827,-61.76812067439911,-0.6115423158808353,-0.5,81.20110534070918,0.8660254037844386,0.9486832980505138,-0.05062759981677316,0.7357613254716348,0.6371879989805462,20.0,22.0,14.0,23.0,20.0
frc10584,36,32.7047932949866,10.803395676920067,-12.691441630826636,-14.3340460143855,-0.04930721553322451,25,2402.737887781617,3916.189150001572,96.10951551126468,156.64756600006288,-60.53805048879823,-0.6298861269538162,-0.5,75.93789846273044,0.8660254037844386,0.9128709291752769,-0.0450111236588603,0.7036099393710705,0.6093440818505758,26.0,29.0,12.0,23.0,21.0
frc4285,36,60.1037571178323,36.30074758459168,-8.367925631124093,-11.782827970130286,-0.08436822495046699,23,2755.2052508313154,4075.1270962260764,119.7915326448398,177.17943896635114,-57.387906321511316,-0.47906479743986635,-0.48703517143204544,88.04957364625494,0.8660254037844386,0.8755950357709131,-0.07387239894343259,0.6931186863575239,0.6002583902233143,14.0,20.0,43.0,16.0,22.0
frc9439,12,15.170934964404442,-4.656780956528242,-7.632420578040609,-7.553968017014513,-0.05356205966949048,5,439.15717233335954,891.5046541377028,87.83143446667191,178.30093082754055,-90.46949636086865,-1.0300355096124243,-0.5,53.48512164354591,0.5,0.408248290463863,-0.02186661929379291,1.168149053745757,0.5840745268728785,11.0,11.0,16.0,23.0,23.0
frc1640,36,69.90823030773902,44.21571414014391,-15.232925259776176,-16.796556351665004,-0.05552307044931779,21,2603.127456682844,3861.1182886521437,123.95845031823066,183.8627756501021,-59.90432533187144,-0.4832613281150488,-0.5,83.59838567043766,0.8660254037844386,0.8366600265340756,-0.04645393359537957,0.5705726351580204,0.49413039675107573,31.0,41.0,20.0,23.0,24.0
frc9094,36,122.47164093095657,85.74166951316795,-18.09630633291168,-19.850505117743126,-0.055031143275863524,17,2076.5965243981645,3344.614153399463,122.1527367293038,196.74200902349781,-74.589272294194,-0.6106230141980964,-0.5,72.4939229082539,0.8660254037844386,0.752772652709081,-0.041425939705385294,0.486233802991848,0.4210908255696583,47.0,51.0,19.0,23.0,25.0
frc1391,36,127.57162426981814,86.99168350932209,-10.690968129460197,-9.538777844559053,-0.08861839724058601,23,2428.636959618699,3753.10455905496,105.59291128776952,163.1784590893461,-57.58554780157657,-0.5453542960345152,-0.5,77.95529233232918,0.8660254037844386,0.8755950357709131,-0.0775938287018319,0.4761446071193159,0.4123533256402884,19.0,16.0,49.0,23.0,26.0
frc1089,36,66.57735650237522,45.093497686163325,-15.48098401192916,-11.653700132026644,-0.06031593361997549,30,3407.001966583006,5182.715424553731,113.56673221943353,172.7571808184577,-59.19044859902418,-0.521195313471347,-0.5,100.3596991025534,0.8660254037844386,1.0,-0.06031593361997549,0.4224110186057239,0.36581867295101805,34.0,19.0,23.0,23.0,27.0
frc9027,36,27.10919354998621,9.067221397645579,-12.57566394211789,-13.307820955754782,-0.08705646698474769,22,2459.4027614270035,3592.343559082672,111.79103461031833,163.2883435946669,-51.49730898434857,-0.4606568779317421,-0.5,81.91219873376242,0.8660254037844386,0.8563488385776752,-0.07455070439306441,0.418008412727079,0.3620059044172609,24.0,26.0,46.0,23.0,28.0
frc428,24,41.86263748915211,15.949618359042773,-13.963021443218592,-19.935350933755096,-0.08317816860660604,15,1446.864607966793,2623.973864782979,96.45764053111954,174.93159098553193,-78.47395045441243,-0.8135586773874576,-0.5,68.47749098615742,0.7071067811865476,0.7071067811865476,-0.05881584706840914,0.5081594237820358,0.3593229744801261,29.0,53.0,41.0,23.0,29.0
frc430,24,22.550875922356944,-0.8269707352112268,-16.47406736534432,-19.062639058540043,-0.07321476665215312,14,1745.727432334442,2937.6304610446205,124.69481659531729,209.8307472174729,-85.13593062215566,-0.6827543673964775,-0.5,82.88405640883214,0.7071067811865476,0.6831300510639732,-0.05001520728172224,0.47746039074823293,0.33761548004605424,39.0,49.0,30.0,23.0,30.0
frc4638,12,45.19100993792194,9.003059275247235,-15.907905783647905,-11.63271565175455,-0.08121968005712206,5,453.50957947826345,941.8859827218747,90.70191589565269,188.37719654437495,-97.67528064872228,-1.0768822211108753,-0.5,56.35134995455837,0.5,0.408248290463863,-0.03315779553534199,0.6700042629050252,0.3350021314525126,37.0,18.0,39.0,23.0,31.0
frc25,36,43.90301181900407,25.326120384646305,-19.097436480891194,-22.469624945887386,-0.05350818812269027,23,2628.326271786706,4369.373894794944,114.27505529507417,189.9727780345628,-75.69772273948858,-0.6624168550522813,-0.5,84.451687905388,0.8660254037844386,0.8755950357709131,-0.04685150389332374,0.3859765565587072,0.33426550324508164,55.0,65.0,15.0,23.0,32.0
frc9015,36,28.671641829839984,10.62077826887641,-19.941553290524713,-15.87735278605644,-0.050584828763068294,23,2497.9193023737184,4016.3324572063784,108.60518705972689,174.6231503133208,-66.01796325359392,-0.6078711803819062,-0.5,79.47681927583638,0.8660254037844386,0.8755950357709131,-0.0442918249502643,0.3717283006373902,0.321926151657599,63.0,37.0,13.0,23.0,33.0
frc5401,36,53.77852202209927,39.08789141933288,-18.20049256806389,-14.798893671463308,-0.058661991919806686,26,3223.7080757138447,4768.537663037334,123.98877214284018,183.40529473220516,-59.41652258936497,-0.47920889579352144,-0.5,97.2834098567389,0.8660254037844386,0.9309493362512627,-0.054611342440920974,0.3514643479735951,0.3043770538696671,48.0,31.0,22.0,23.0,34.0
frc56,36,47.7632578143808,21.987963914308757,-17.459756467902313,-17.17158206891077,-0.07018769375268524,21,2346.6231007244355,3821.066767004357,111.74395717735408,181.95556033354083,-70.21160315618674,-0.6283257272225523,-0.5,76.72523036858188,0.8660254037844386,0.8366600265340756,-0.058723237717487206,0.3455872554161445,0.29928734241452243,46.0,43.0,28.0,23.0,35.0
frc1403,36,109.22222709081234,72.12303686468948,-16.487631915679078,-13.910910637989272,-0.08104353576468017,19,2012.6330902277884,3101.6825491497125,105.92805738040992,163.24644995524804,-57.31839257483811,-0.5411068039225502,-0.5,69.70479466029875,0.8660254037844386,0.7958224257542215,-0.06449626322394678,0.33416345221208305,0.28939403863197116,40.0,28.0,38.0,23.0,36.0
frc190,12,241.5436897042954,120.31386419688333,-14.72618354579076,-15.023060470478992,-0.10873793746570738,6,534.0503488696805,1035.9917667555399,89.00839147828009,172.66529445925664,-83.65690298097657,-0.9398765845733837,-0.5,59.84044994968889,0.5,0.4472135954999579,-0.04862908398128858,0.5728356845730199,0.28641784228650996,30.0,33.0,75.0,23.0,37.0
frc2234,12,12.751448212500335,0.7720058568664937,-19.168429503861415,-29.185380155824486,-0.07683029285126715,5,459.70942545499815,1086.3266700785744,91.94188509099963,217.26533401571487,-125.32344892471524,-1.3630724321203134,-0.5,60.24312014084435,0.5,0.408248290463863,-0.03136583571236777,0.5352172540471823,0.2676086270235912,57.0,103.0,33.0,23.0,38.0
frc1672,35,20.11835823295959,9.250887327690434,-16.64489944924232,-15.314275078979858,-0.08457379891870065,25,3133.244941716216,4738.938406235015,125.32979766864864,189.55753624940058,-64.22773858075196,-0.5124698178366133,-0.4821713982221889,97.11914714704203,0.8539125638299665,0.9128709291752769,-0.07720496240279728,0.30020890126683286,0.25635215256533855,42.0,34.0,45.0,15.0,39.0
frc103,36,126.1697221977042,92.8049776812862,-10.945310163055597,-12.89378308365134,-0.10456590728361226,25,2805.15290805795,4293.140717628346,112.206116322318,171.72562870513383,-59.519512382815826,-0.530448021316796,-0.5,86.61835332937619,0.8660254037844386,0.9128709291752769,-0.09545517694204697,0.28828892111101373,0.24966552931174582,21.0,23.0,66.0,23.0,40.0
frc6226,24,23.141977995315795,5.524626321828973,-12.97962569210617,-19.953799424676117,-0.1249322643008929,14,1461.0583901677423,2610.8342094493537,104.36131358341017,186.488157817811,-82.12684423440085,-0.7869472069145761,-0.5,75.15105979140556,0.7071067811865476,0.6831300510639732,-0.08534498409140676,0.2927799917974854,0.20702671759574368,27.0,54.0,105.0,23.0,41.0
frc501,12,67.02556022498314,18.7933787576834,-19.42676263980996,-25.34103001776055,-0.09747861845109258,6,585.6270551335774,1343.2113144903258,97.60450918892957,223.8685524150543,-126.26404322612473,-1.2936292008980848,-0.5,64.31056112479746,0.5,0.4472135954999579,-0.04359376344188166,0.4026736338509773,0.20133681692548866,60.0,81.0,59.0,23.0,42.0
frc834,24,39.11396934868527,20.425191950961985,-12.602476325349025,-13.082720892697866,-0.11980932804402554,17,1997.982111329919,3219.39774277621,117.52835948999524,189.3763378103653,-71.84797832037007,-0.6113246082234836,-0.5,93.55749008013044,0.7071067811865476,0.752772652709081,-0.0901891856909936,0.26268950613872866,0.18574953113724024,25.0,24.0,94.0,23.0,43.0
frc222,36,38.67766631426001,22.39001321836949,-15.703133744298325,-21.786394848575366,-0.0941808526614809,22,2519.909358864575,3999.011202543304,114.54133449384432,181.7732364792411,-67.23190198539677,-0.5869662884799892,-0.5,76.23113667395427,0.8660254037844386,0.8563488385776752,-0.08065166379291432,0.21168361234737956,0.18332338585768795,36.0,61.0,52.0,23.0,44.0
frc8707,24,17.334485300063406,-1.1110603954982023,-17.08909144950077,-22.81542593822931,-0.098182966524074,15,1631.4592436021258,3003.4096728175546,108.76394957347505,200.2273115211703,-91.46336194769528,-0.8409345404095275,-0.5,76.19224874595288,0.7071067811865476,0.7071067811865476,-0.06942584142618452,0.2574784931695625,0.18206478852989183,43.0,68.0,60.0,23.0,45.0
frc75,35,40.24920915776466,21.576645241366997,-20.81138374013314,-21.32664776807563,-0.07419775277044323,18,2141.8377001659915,3498.0553389470456,118.99098334255508,194.33640771928032,-75.34542437672519,-0.6332028046177108,-0.5,75.26886084419075,0.8539125638299665,0.7745966692414834,-0.05747333216118837,0.20120069268304255,0.17180779933334206,67.0,57.0,32.0,23.0,46.0
frc11225,12,28.666472453106145,7.499494449002743,-19.76782929889557,-15.750711988879774,-0.10731425663116473,6,620.475608802878,1163.0691639371814,103.41260146714633,193.84486065619691,-90.43225918905058,-0.874480072119455,-0.5,62.2238451334832,0.5,0.4472135954999579,-0.04799239455642838,0.34339366902434915,0.17169683451217457,61.0,36.0,72.0,23.0,47.0
frc752,24,11.646527873632497,-4.4246607140798675,-15.235687728129594,-18.193954631956547,-0.11434484076437387,15,1375.5317644285424,2578.1867716201427,91.7021176285695,171.87911810800952,-80.17700047944003,-0.8743200544636185,-0.5,69.86729296458431,0.7071067811865476,0.7071067811865476,-0.08085401229818474,0.23154486667178928,0.16372694537255722,32.0,47.0,85.0,23.0,48.0
frc5895,36,155.8173243964984,111.99112244393999,-19.26751576283728,-16.114002162707777,-0.0740843086916458,24,2541.7835570420993,4125.7705599643805,105.90764821008747,171.9071066651825,-65.9994584550951,-0.623179341346273,-0.5,77.51199428187113,0.8660254037844386,0.8944271909999159,-0.06626302012023941,0.18678868627743156,0.16176374745577748,59.0,38.0,31.0,23.0,49.0
frc862,12,83.22473927414006,31.64740792286149,-19.067156795381397,-16.875608608858517,-0.11386379045758685,7,567.1709555149737,1221.3325857241773,81.02442221642481,174.47608367488246,-93.45166145845766,-1.153376462331794,-0.5,57.40844095558726,0.5,0.48304589153964794,-0.055001436175668696,0.3071017013921012,0.1535508506960506,53.0,42.0,83.0,23.0,50.0
frc4342,24,25.945701443133284,5.396991305993367,-18.585087328474888,-15.566070713017252,-0.08841657157956553,17,1793.9541238492238,2947.0349392962135,105.5267131676014,173.35499642918901,-67.82828326158757,-0.642759366093969,-0.5,81.67707398802133,0.7071067811865476,0.752772652709081,-0.06655757713139189,0.21579270767545308,0.15258848692791924,49.0,35.0,48.0,23.0,51.0
frc6016,23,17.385186286254168,-4.406085989967551,-23.925402185085442,-31.76168962495195,-0.07058310711794952,11,1336.7657576679587,2587.0203202460243,121.52415978799625,235.1836654769113,-113.65950568891502,-0.9352832053082989,-0.5,68.39880432685382,0.6922186552431729,0.6055300708194983,-0.0427401938517922,0.20075568170198835,0.13896682802017685,83.0,110.0,29.0,23.0,52.0
frc1626,24,41.634246321046305,16.663164482326497,-24.133993512740545,-18.579335883111764,-0.06641273145064067,13,1258.651777597116,2301.8040568925044,96.81936750747046,177.06185053019266,-80.2424830227222,-0.8287854495282753,-0.5,66.5526483251116,0.7071067811865476,0.6582805886043833,-0.043718211950152575,0.18136818887563744,0.1282466762454858,87.0,48.0,25.0,23.0,53.0
frc10157,36,29.18517817947952,14.870223510495803,-17.425924864714997,-16.679456850475404,-0.09483116791790429,23,2667.5250436833767,4286.178135797748,115.9793497253642,186.35557112164122,-70.37622139627703,-0.6067995859860046,-0.5,83.6395868036059,0.8660254037844386,0.8755950357709131,-0.08303369986527488,0.10767007422261463,0.09324501950414031,45.0,40.0,53.0,23.0,54.0
frc1676,36,84.6669564721276,56.01969271318303,-18.963036509266104,-25.06147371680654,-0.09374765799487578,20,2804.3643148204183,4440.920115533462,140.2182157410209,222.0460057766731,-81.82779003565226,-0.5835746062179672,-0.5,86.40212296956787,0.8660254037844386,0.816496580927726,-0.07654464222279787,0.09973288592463697,0.08637121280347108,52.0,78.0,51.0,23.0,55.0
frc2095,12,5.731217107983967,-3.7560743339920415,-23.250082207765733,-22.780312933249434,-0.09563414122614405,8,800.4536274724096,1574.545737122558,100.0567034340512,196.81821714031975,-96.76151370626854,-0.9670667769905635,-0.5,75.0116963019242,0.5,0.5163977794943222,-0.049385258173027205,0.16686418363386754,0.08343209181693377,79.0,67.0,56.0,23.0,56.0
frc4361,23,19.2105327669179,1.475065842682899,-23.45325222231493,-19.355378480392652,-0.07725397106577622,15,1432.7555127916078,2626.188687986331,95.51703418610718,175.07924586575538,-79.56221167964824,-0.8329635897679541,-0.5,72.4327506764688,0.6922186552431729,0.7071067811865476,-0.05462680681419971,0.10572721175896457,0.07318634834640064,80.0,50.0,35.0,23.0,57.0
frc203,24,14.133196306307886,-7.325628451547122,-20.974024360095516,-11.871826788787667,-0.10133325738759254,13,1153.3129000860072,2173.1068061998826,88.71637692969286,167.1620620153756,-78.44568508568274,-0.8842300350909329,-0.5,61.670529288218596,0.7071067811865476,0.6582805886043833,-0.0667057163183039,0.10264217120408994,0.07257897529412258,68.0,21.0,63.0,23.0,58.0
frc7110,36,4.176888121971331,-8.621720912912423,-13.566889436904376,-13.516318083190557,-0.1056695638216168,29,3291.576051418133,4977.068882047401,113.50262246269423,171.62306489818621,-58.12044243549199,-0.5120625512824153,-0.5,97.90428820118113,0.8660254037844386,0.983192080250175,-0.10389347827290406,0.08258951483756607,0.07152461793556404,28.0,27.0,69.0,23.0,59.0
frc2539,36,120.97968248610017,84.06455836974676,-15.593541448059488,-17.581725319633744,-0.11650927893416993,22,2544.68050751151,4015.8288495535126,115.66729579597772,182.53767497970512,-66.87037918372738,-0.578126934874298,-0.49183118939155657,82.69400744033635,0.8660254037844386,0.8563488385776752,-0.09977258569879882,0.07361145618729978,0.06374939106776681,35.0,45.0,88.0,17.0,60.0
frc365,36,35.5007314534069,17.092793116465355,-20.325335261257376,-24.105870214811702,-0.09543234202928351,18,2067.0195244718147,3404.5086521720673,114.83441802621194,189.13936956511486,-74.30495153890293,-0.647061680775377,-0.4990660716724393,72.60380272457151,0.8660254037844386,0.7745966692414834,-0.07392157427379703,0.0670473599902176,0.05806471700820881,64.0,75.0,55.0,21.0,61.0
frc8117,36,14.14524871876754,1.893508800413279,-16.538395199819888,-16.590335764677963,-0.1060361763460554,24,2886.7675898261637,4469.514695336586,120.28198290942349,186.22977897235774,-65.9477960629343,-0.5482765952785738,-0.49519786670094473,87.62193368368588,0.8660254037844386,0.8944271909999159,-0.09484163935357405,0.059395105962538386,0.05143767062402682,41.0,39.0,70.0,20.0,62.0
frc3142,24,36.381424703291344,10.181510643772098,-22.105261512298696,-23.457714687450324,-0.10782979001637145,11,1225.4543546916655,2249.301466042819,111.40494133560595,204.4819514584381,-93.07701012283214,-0.8354836778957483,-0.5,65.11666689753613,0.7071067811865476,0.6055300708194983,-0.06529418038506503,0.06365890142152208,0.04501364087804422,75.0,69.0,74.0,23.0,63.0
frc7587,36,61.73356721202461,40.130485283197146,-12.018850539672986,-20.759180408408806,-0.13092507067388048,23,3122.452455568881,4673.890305569083,135.7588024160383,203.21262198126445,-67.4538195652262,-0.4968651635457954,-0.5,97.19164350330826,0.8660254037844386,0.8755950357709131,-0.11463734194000572,0.04912059708814428,0.042539684927392865,23.0,55.0,110.0,23.0,64.0
frc6945,23,3.4678916849703256,-9.285249133788104,-24.29970602591758,-30.38832802078034,-0.08373164631451015,13,1281.6960011147721,2657.8621899506948,98.5920000857517,204.45093768851498,-105.85893760276328,-1.073707172089937,-0.5,68.01804558824146,0.6922186552431729,0.6582805886043833,-0.05511891742072978,0.06130443507812346,0.042436073610221024,89.0,108.0,42.0,23.0,65.0
frc5732,24,32.98124981163896,4.883065375169551,-20.97439387259531,-29.02920928441766,-0.11567118948210513,12,1470.0215406551872,2745.9697396337533,122.50179505459893,228.8308116361461,-106.32901658154718,-0.8679792531542614,-0.5,71.13441997237035,0.7071067811865476,0.6324555320336759,-0.07315688368487293,0.03907005003722571,0.027626697322620027,69.0,102.0,87.0,23.0,66.0
frc8704,24,-2.6008792373288045,-11.16672919982553,-19.838192699099434,-25.134143994327562,-0.13251389952224776,11,1317.9210287033022,2270.1622925768747,119.81100260939111,206.37839023426133,-86.56738762487021,-0.7225328704334273,-0.5,69.96656490108892,0.7071067811865476,0.6055300708194983,-0.08024115096227456,0.022399463548017827,0.01583881256974429,62.0,79.0,111.0,23.0,67.0
frc5407,24,42.73344812727958,16.31445902511295,-21.697110670503278,-23.50634299690136,-0.12494925019736056,10,1057.0570739810055,2059.5192156064736,105.70570739810054,205.95192156064735,-100.24621416254678,-0.9483519540246521,-0.5,59.56424768097014,0.7071067811865476,0.5773502691896257,-0.07213948323648801,0.015303630698914987,0.010821301043977412,72.0,70.0,106.0,23.0,68.0
frc2720,24,33.64786377397971,4.612562870501572,-22.692913012766276,-26.86711083629687,-0.11789379078141939,10,850.7605237714821,1939.9331038575206,85.07605237714822,193.99331038575207,-108.91725800860385,-1.2802340372560528,-0.5,52.25156062479629,0.7071067811865476,0.5773502691896257,-0.0680660118434379,0.008876949305938957,0.006276951050478654,78.0,93.0,90.0,23.0,69.0
frc1647,24,46.045575880537854,14.189038058060158,-24.010351186263666,-34.83093664180379,-0.1129751352131854,9,872.8332668428451,2001.0773095601182,96.98147409364945,222.34192328445758,-125.36044919080814,-1.2926226412041824,-0.5,52.65365245990689,0.7071067811865476,0.5477225575051661,-0.06187902999345785,0.008234305489517861,0.005822533249999694,84.0,117.0,81.0,23.0,70.0
frc484,36,118.58347920573983,82.7708789355651,-17.291252283349586,-17.711187180633935,-0.1106794953515605,22,2430.16494034408,4032.9198809443583,110.46204274291273,183.3145400429254,-72.85249730001267,-0.6595251680214551,-0.5,77.84032950856452,0.8660254037844386,0.8563488385776752,-0.09478025729867204,-0.001756854811353993,-0.0015214808973934755,44.0,46.0,77.0,23.0,71.0
frc8706,36,89.2884105794997,60.62245002678642,-18.644430520143793,-26.580983955549517,-0.10773307417390705,23,2998.9361507585218,4738.26756943528,130.38852829384876,206.01163345370784,-75.62310515985904,-0.5799828109834311,-0.49337070706406366,92.65922452091591,0.8660254037844386,0.8755950357709131,-0.09433054493501258,-0.02392920496715342,-0.020723299393919634,50.0,88.0,73.0,19.0,72.0
frc102,24,46.29569274484861,20.22421033959347,-25.424520252408357,-27.80359221234459,-0.08450804966725585,16,1619.7421684298845,3149.3649927214583,101.23388552686778,196.83531204509114,-95.60142651822339,-0.9443619201285175,-0.5,71.73491892203076,0.7071067811865476,0.7302967433402214,-0.06171595345803063,-0.05627643963378232,-0.03979345208608287,96.0,96.0,44.0,23.0,73.0
frc4750,24,26.544626816367767,2.494520533175088,-22.14130851418787,-26.97518264736002,-0.12259742292819227,12,1144.8248044816696,2322.1130382956994,95.40206704013913,193.50941985797496,-98.10735281783583,-1.0283566788606213,-0.5,61.356026977746914,0.7071067811865476,0.6324555320336759,-0.07753741834400742,-0.058642900262289084,-0.04146679244391098,76.0,94.0,101.0,23.0,74.0
frc2559,24,46.48065954056966,20.570740427374755,-28.547750124416527,-25.733437816886564,-0.07785029077918228,11,1343.197507727714,2458.6216520454223,122.1088643388831,223.51105927685657,-101.40219493797353,-0.8304245190304669,-0.5,70.50550967531444,0.7071067811865476,0.6055300708194983,-0.047140692088836776,-0.058707470178604095,-0.041512450269597975,108.0,84.0,36.0,23.0,75.0
frc2016,36,33.71401847210146,14.024898162201689,-25.093559518655926,-28.365582818879417,-0.07692446019099092,20,2396.8741623776377,4037.8595634248986,119.84370811888189,201.89297817124492,-82.04927005236304,-0.6846356086626781,-0.5,78.25976995619875,0.8660254037844386,0.816496580927726,-0.06280855873565505,-0.05156687307415276,-0.04465822207594404,91.0,99.0,34.0,23.0,76.0
frc2458,24,21.507829054626832,-1.6623490922822128,-25.91711594829702,-35.55311893623904,-0.1191305338300449,8,1077.2000737041872,2094.76733462424,134.6500092130234,261.84591682803,-127.19590761500658,-0.9446409128259023,-0.5,65.010846522291,0.7071067811865476,0.5163977794943222,-0.06151874313980842,-0.07736414875248779,-0.0547047142036089,100.0,119.0,92.0,23.0,77.0
frc1257,24,49.49152897030305,17.23757845566229,-21.4827572175305,-22.628996113495006,-0.11845069321442969,15,1522.9981492768034,2785.246629192121,101.53320995178689,185.68310861280807,-84.1498986610212,-0.8287918672223584,-0.5,71.52507899708236,0.7071067811865476,0.7071067811865476,-0.08375728840817061,-0.08912951415442674,-0.06302408386245753,70.0,66.0,91.0,23.0,78.0
frc2191,24,46.09091005537557,15.955508194224935,-16.13465144781025,-19.880510178216063,-0.1714454707526172,14,1130.1101352560086,2316.764588160919,80.72215251828632,165.4831848686371,-84.76103235035077,-1.0500343425697116,-0.5,60.32370316189836,0.7071067811865476,0.6831300510639732,-0.11711955318992232,-0.1677613668871801,-0.11862520014704939,38.0,52.0,140.0,23.0,79.0
frc5789,36,50.60004005680091,25.733091305290166,-21.617923613706488,-25.870332666380214,-0.111498367567921,19,1635.603168349178,3215.1340506348574,86.0843772815357,169.21758161236093,-83.13320433082522,-0.9657176709188617,-0.5,57.11059756505602,0.8660254037844386,0.7958224257542215,-0.08873290134553871,-0.14446716650129215,-0.12511223620287526,71.0,86.0,79.0,23.0,80.0
frc87,24,41.51109732461046,13.601973890946043,-25.289499366952132,-29.83746373867131,-0.11946685866463362,12,1189.1635471975335,2516.494781346968,99.09696226646112,209.70789844558067,-110.61093617911956,-1.1161889693621343,-0.5,63.699031668734996,0.7071067811865476,0.6324555320336759,-0.07555747565713282,-0.18632600953198444,-0.1317523848514955,94.0,106.0,93.0,23.0,81.0
frc1279,35,42.6118672045852,18.043772847413624,-25.789681588691106,-29.54904393327059,-0.08826754700239073,19,2033.530154841257,3700.826847877028,107.02790288638194,194.7803604145804,-87.75245752819846,-0.819902615688492,-0.5,70.07445170137359,0.8539125638299665,0.7958224257542215,-0.07024529337081735,-0.15737734122757613,-0.13438648893638303,99.0,105.0,47.0,23.0,82.0
frc10993,36,20.36543194373499,8.049416043392908,-25.241348657237292,-28.051624479957134,-0.10667726215692007,22,2784.653661632132,4457.18433287041,126.57516643782418,202.5992878577459,-76.02412141992171,-0.6006243053787809,-0.46702990266236766,90.35764731871565,0.8660254037844386,0.8563488385776752,-0.09135294955072468,-0.1573470802519409,-0.13626656870948958,93.0,98.0,71.0,13.0,83.0
frc9100,24,50.090653990233974,19.87209621139601,-29.882124201739867,-26.730263870844762,-0.09996125503745382,11,1114.550197979475,2194.2174752042756,101.32274527086135,199.47431592766142,-98.15157065680009,-0.9687022434539855,-0.5,63.995631584077366,0.7071067811865476,0.6055300708194983,-0.06052954584203534,-0.25299682075621716,-0.17889576757535863,112.0,90.0,61.0,23.0,84.0
frc5490,24,7.509267327624286,-6.58835874794019,-27.02100607158304,-28.04855128872384,-0.10517036842514384,15,1413.4085473681546,2779.1520444939756,94.2272364912103,185.27680296626505,-91.04956647505476,-0.9662765232804853,-0.5,71.07815723624624,0.7071067811865476,0.7071067811865476,-0.07436668069330678,-0.2555486386835715,-0.18070017533614433,106.0,97.0,68.0,23.0,85.0
frc219,24,73.52690802911022,42.63957366437412,-27.99475611623112,-28.930848503733994,-0.09606636149787268,16,1605.9615839704315,3149.0292154105573,100.37259899815197,196.81432596315983,-96.44172696500786,-0.9608371998694935,-0.5,75.62242780784483,0.7071067811865476,0.7302967433402214,-0.07015695094644085,-0.2596019245698876,-0.18356628127244615,107.0,101.0,57.0,23.0,86.0
frc8130,24,18.514909597253574,4.151141164654119,-24.232640725810402,-25.64809416055654,-0.12098698499130311,16,1804.517227716307,3265.340845578743,112.78232673226918,204.08380284867144,-91.3014761164023,-0.8095370858338499,-0.5,86.31091557218396,0.7071067811865476,0.7302967433402214,-0.08835640112570091,-0.2630051268818619,-0.1859727087049929,88.0,83.0,98.0,23.0,87.0
frc10949,36,7.849120578686534,-2.992344804235784,-26.655735843306235,-24.525652770753684,-0.08251853925633408,23,2691.176470217803,4565.018658213473,117.00767261816534,198.47907209623796,-81.47139947807254,-0.696291086345599,-0.5,86.94885934793308,0.8660254037844386,0.8755950357709131,-0.07225282333191334,-0.21764593575455218,-0.18848690939387805,104.0,77.0,40.0,23.0,88.0
frc10989,23,37.75034033282115,9.510449045912571,-25.024600443132925,-25.89583519350197,-0.13549440123891782,12,1230.1940750618714,2391.927739210418,102.51617292182262,199.32731160086817,-96.81113867904556,-0.9443499100661157,-0.5,65.0627588292436,0.6922186552431729,0.6324555320336759,-0.08569418362314413,-0.2738046800901518,-0.18953270745129205,90.0,87.0,115.0,23.0,89.0
frc4573,24,50.40486836225138,18.836423902074202,-28.792646067506123,-31.597214401042198,-0.1133088950483088,11,946.3875659886797,2252.8799971203266,86.03523327169816,204.80727246548423,-118.77203919378611,-1.3805046453318206,-0.5,57.3184213766011,0.7071067811865476,0.6055300708194983,-0.06861194324308152,-0.2816851317770249,-0.19918146683896057,110.0,109.0,82.0,23.0,90.0
frc423,36,26.48110196696255,11.1186986790417,-18.691708349019127,-24.35381222827355,-0.12864216851399113,23,2697.11348724338,4442.108150684626,117.26580379319043,193.13513698628807,-75.86933319309765,-0.646985998807466,-0.5,86.78402424798576,0.8660254037844386,0.8755950357709131,-0.1126384441416559,-0.2431662136244044,-0.21058811834080787,51.0,76.0,109.0,23.0,91.0
frc5992,24,28.086402148457168,5.425236282429895,-26.132081748692276,-25.469185790338905,-0.12598044706480266,13,1349.9270663071418,2564.1271287219392,103.84054356208783,197.24054836322608,-93.40000480113828,-0.8994560467154432,-0.5,66.00095398236941,0.7071067811865476,0.6582805886043833,-0.08293048284646165,-0.29835618424685734,-0.21096968108989583,101.0,82.0,107.0,23.0,92.0
frc555,36,34.442095863574494,21.65334665420225,-23.783619944771335,-23.795386381645116,-0.112222061550493,20,2447.278261399124,4038.8369416637806,122.3639130699562,201.94184708318903,-79.57793401323286,-0.6503382575525978,-0.5,77.49977352969273,0.8660254037844386,0.816496580927726,-0.09162892956063835,-0.27425175072020425,-0.2375089831560541,82.0,71.0,80.0,23.0,93.0
frc321,36,36.65426321477706,11.938645295475576,-20.735935514626824,-21.385212856653773,-0.12117651220719589,23,2247.040411058265,4020.8857578599273,97.6974091764463,174.82111990695336,-77.12371073050707,-0.789414083552798,-0.5,73.35185546444916,0.8660254037844386,0.8755950357709131,-0.10610155254065418,-0.27434157167209294,-0.2375867703821818,65.0,59.0,99.0,23.0,94.0
frc4652,24,25.21566694446931,2.874331645357964,-25.655779642097755,-37.276014012234434,-0.14899699383699064,11,1277.4733205125312,2609.143750148756,116.13393822841194,237.19488637715966,-121.06094814874777,-1.0424252375790908,-0.5,67.3609046392899,0.7071067811865476,0.6055300708194983,-0.09022216023000529,-0.34792268591759135,-0.24601849054096617,98.0,125.0,125.0,23.0,95.0
frc293,36,47.04294383026826,23.741613957226683,-19.17673495877888,-20.984088079613095,-0.1378931285609533,21,1989.1709644198502,3620.848395788423,94.72242687713572,172.4213521804011,-77.69892530326537,-0.8202801370793477,-0.5,69.1013314867879,0.8660254037844386,0.8366600265340756,-0.11536966860067387,-0.292750047889602,-0.25352897843150635,58.0,56.0,117.0,23.0,96.0
frc11104,24,25.639286028294435,6.510610607697664,-30.14002372886576,-33.88967851033299,-0.10360220685579309,14,1367.5261500180713,2882.8426418329664,97.6804392870051,205.9173315594976,-108.23689227249255,-1.108071309491867,-0.5,66.85415411774582,0.7071067811865476,0.6831300510639732,-0.07077378085973825,-0.3659774597566234,-0.2587851435553352,113.0,116.0,65.0,23.0,97.0
frc433,36,32.180002392071074,15.215077918138205,-20.80764476399348,-21.922695869391937,-0.12083793201002203,25,2754.5268017955727,4584.324362410526,110.18107207182291,183.37297449642105,-73.19190242459815,-0.6642874411031969,-0.5,87.02156658561985,0.8660254037844386,0.9128709291752769,-0.11030943527360774,-0.31914894833331625,-0.27639109684773916,66.0,63.0,97.0,23.0,98.0
frc714,24,30.778864427667273,10.203496389588407,-28.68697119241996,-35.96417169179987,-0.1177249871398798,14,1548.9209579560243,3096.038887955823,110.63721128257316,221.14563485398736,-110.50842357141417,-0.9988359457937704,-0.5,78.47350861754002,0.7071067811865476,0.6831300510639732,-0.08042147647637167,-0.3930882219639836,-0.2779553473552956,109.0,120.0,89.0,23.0,99.0
frc11366,24,11.956685448169157,-2.045305358154796,-25.41090776653209,-26.861889176729115,-0.13404483492111838,16,1503.0978338963848,2897.301677739623,93.94361461852405,181.08135485872643,-87.13774024020235,-0.9275536245229837,-0.5,74.97353169512203,0.7071067811865476,0.7302967433402214,-0.09789250640447034,-0.4120398802062656,-0.2913561934131431,95.0,92.0,113.0,23.0,100.0
frc9116,24,15.195335068894579,0.430039478177244,-32.386228353232305,-33.02649968732961,-0.09530731722842795,14,1573.5253129966218,3009.9067189602283,112.39466521404441,214.99333706858775,-102.59867185454333,-0.9128428974734202,-0.5,70.93184332692832,0.7071067811865476,0.6831300510639732,-0.06510729248502627,-0.4151709018255151,-0.29357016003215614,119.0,111.0,54.0,23.0,101.0
frc2722,24,39.61257355522259,18.570938924956206,-28.9777005015298,-35.19602297868029,-0.12433882201764525,14,1609.2968832277547,3065.737420418495,114.94977737341105,218.98124431560677,-104.03146694219575,-0.9050166891950779,-0.5,80.8610035909137,0.7071067811865476,0.6831300510639732,-0.08493958583414828,-0.45119180215471894,-0.3190407829193809,111.0,118.0,104.0,23.0,102.0
frc4653,24,43.03428833352334,12.150204992881836,-34.682875945973194,-33.771535400526915,-0.10353409236962163,10,935.6539795059725,2145.6251975481987,93.56539795059726,214.56251975481987,-120.99712180422257,-1.2931823564530696,-0.5,55.06506413269242,0.7071067811865476,0.5773502691896257,-0.05977543609990463,-0.47001941586521484,-0.3323539162476334,126.0,114.0,64.0,23.0,103.0
frc10170,23,16.51532493854492,-1.6650355082448092,-24.0492073298421,-26.796935049014643,-0.1643996413723045,14,1315.5707363365436,2646.8286743281687,93.96933830975311,189.05919102344063,-95.0898527136875,-1.0119242555506862,-0.5,68.56531271431867,0.6922186552431729,0.6831300510639732,-0.11230633540556126,-0.4903760981873063,-0.3394474832506113,85.0,91.0,138.0,23.0,104.0
frc10070,36,41.99150347211369,26.94608009596008,-26.316307080101982,-27.099560787156737,-0.1004287277617756,25,2913.7298189447088,4843.0071335636885,116.54919275778835,193.72028534254753,-77.17109258475917,-0.6621332225366463,-0.5,88.22232855777457,0.8660254037844386,0.9128709291752769,-0.09167846602778301,-0.393151702016025,-0.34047936148696734,102.0,95.0,62.0,23.0,105.0
frc10995,23,18.203776102142378,-1.527708758499026,-33.32001244783153,-30.25265597936309,-0.09728388651421671,15,1790.5965812579327,3340.683666915497,119.37310541719552,222.71224446103312,-103.3391390438376,-0.8656819195804532,-0.5,86.1528404527918,0.6922186552431729,0.7071067811865476,-0.06879009585438516,-0.4951103617544791,-0.3427246288106464,121.0,107.0,58.0,23.0,106.0
frc6860,24,32.63031065809131,6.430092408159617,-31.392184657475013,-41.510191326479685,-0.12260124018993904,12,1031.5159880013734,2671.935660729006,85.95966566678112,222.6613050607505,-136.70163939396937,-1.5902998032110467,-0.5,53.30898877056176,0.7071067811865476,0.6324555320336759,-0.07753983259231638,-0.49117732455352064,-0.3473148169568602,117.0,130.0,102.0,23.0,107.0
frc709,12,20.776800184821614,6.9861378629025825,-39.25561327535633,-44.223944027626715,-0.12051571731712475,8,875.9634050789929,1990.5523376584276,109.49542563487411,248.81904220730345,-139.3236165724294,-1.2724149503470676,-0.5,85.1870679268178,0.5,0.5163977794943222,-0.06223404881672866,-0.7080322618091134,-0.3540161309045567,134.0,133.0,96.0,23.0,108.0
frc10600,23,16.656547664588306,-0.49154780306939644,-32.14944286549781,-37.46898066371175,-0.136184809007697,10,1174.3658014814914,2424.8833618251642,117.43658014814915,242.48833618251643,-125.05175603436729,-1.064845007208243,-0.5,66.78693728855447,0.6922186552431729,0.5773502691896257,-0.07862633614013163,-0.5372856667131479,-0.37191916169360684,118.0,126.0,116.0,23.0,109.0
frc708,48,53.60656322915288,29.378036525021805,-24.072193315314557,-29.427557536929392,-0.1150798685283308,23,2399.4689214104696,4365.717632135135,104.32473571349868,189.81381009283197,-85.48907437933329,-0.8194516266411378,-0.5,64.16810335478262,1.0,0.8755950357709131,-0.10076336160057578,-0.37773307331459705,-0.37773307331459705,86.0,104.0,86.0,23.0,110.0
frc2590,36,100.7137614943374,63.13323561306793,-26.57939810450736,-25.812824725976558,-0.1142554361172202,21,2586.5687586699846,4226.890719482587,123.16994088904688,201.28051045155175,-78.11056956250488,-0.6341690918961138,-0.5,84.09524572311382,0.8660254037844386,0.8366600265340756,-0.09559295621349582,-0.44401643251960426,-0.3845295102597162,103.0,85.0,84.0,23.0,111.0
frc486,36,21.8072135446124,9.130733147995265,-26.90467936050549,-23.80960933060773,-0.10995866452265476,23,2443.3220544112323,4213.766800418944,106.23139367005358,183.20725219212798,-76.97585852207442,-0.7246055602090229,-0.5,79.54491807642736,0.8660254037844386,0.8755950357709131,-0.09627926079603573,-0.4659857168140186,-0.40355546856164154,105.0,72.0,76.0,23.0,112.0
frc8630,24,27.1523138646762,6.125349064522403,-33.76221169106324,-33.76759547932773,-0.11981236763351359,12,1184.0095684884068,2556.5676356195127,98.66746404070057,213.0473029682927,-114.37983892759216,-1.1592457558289955,-0.5,62.886145472204,0.7071067811865476,0.6324555320336759,-0.07577599471586821,-0.5846075640770743,-0.41337997289184836,123.0,113.0,95.0,23.0,113.0
frc5113,36,35.93572279434332,17.96876956684635,-22.570324857932928,-22.045034844652132,-0.14289660346716693,22,2572.099081978036,4276.328558002631,116.91359463536527,194.37857081830143,-77.46497618293613,-0.6625831360718738,-0.5,81.42548223042864,0.8660254037844386,0.8563488385776752,-0.122369340415803,-0.5203707168631918,-0.4506542601890435,77.0,64.0,121.0,23.0,114.0
frc8721,24,24.010092773604484,9.869374062210436,-34.921433632394574,-36.49375612313589,-0.11092988062237455,14,1742.0003578173994,3272.8339056582026,124.4285969869571,233.77385040415734,-109.34525341720027,-0.8787791236500248,-0.5,85.48381947546238,0.7071067811865476,0.6831300510639732,-0.07577953501408317,-0.6388401002048759,-0.45172816694876133,128.0,123.0,78.0,23.0,115.0
frc9416,35,5.223404432356816,-5.550616916048996,-21.772556790999214,-21.681257454138436,-0.14862262942867532,22,2591.7907698522495,4169.586843667086,117.80867135692043,189.52667471214028,-71.71800335521984,-0.6087667616413273,-0.5,84.82298441664236,0.8539125638299665,0.8563488385776752,-0.12727281609760632,-0.5313797644901707,-0.4537518570631654,73.0,60.0,124.0,23.0,116.0
frc8714,24,15.480119101178,-1.0949281764903365,-25.564991264082874,-25.339882168360912,-0.1676410152608447,16,1418.4269705484458,2859.6425361844495,88.65168565927786,178.7276585115281,-90.07597285225023,-1.016066103902936,-0.5,65.36962839214794,0.7071067811865476,0.7302967433402214,-0.12242768749524326,-0.6609566054601445,-0.4673668977909096,97.0,80.0,139.0,23.0,117.0
frc427,36,24.77674156876172,8.572774527865116,-19.12364076006313,-23.960098840551332,-0.1534954853431149,26,2801.7691903400123,4676.724130646855,107.76035347461585,179.87400502487904,-72.11365155026316,-0.6692039254237444,-0.5,86.4023951518451,0.8660254037844386,0.9309493362512627,-0.14289652019773827,-0.5614534796575622,-0.4862329764266184,56.0,74.0,131.0,23.0,118.0
frc6808,35,38.527892651133435,13.115648838846058,-23.771643933129308,-38.83397595907114,-0.17425905159404514,15,1761.7634444384346,3344.402560871814,117.45089629589565,222.9601707247876,-105.50927442889197,-0.8983266859290798,-0.5,70.19077587100786,0.8539125638299665,0.7071067811865476,-0.12321975706528579,-0.584914596386499,-0.49946592262196543,81.0,128.0,143.0,23.0,119.0
frc10400,24,40.544417603100136,22.13682580520592,-30.612592684564255,-40.87266588913126,-0.16166444068659946,13,1484.073617218233,2995.798278394761,114.15950901678715,230.4460214149816,-116.28651239819443,-1.0186318546718216,-0.5,73.74923518277883,0.7071067811865476,0.6582805886043833,-0.10642056317157311,-0.7392524424823266,-0.5227304150879714,115.0,129.0,136.0,23.0,120.0
frc9424,24,6.760494290348351,-8.368451738600424,-34.394434596745604,-44.60523827378448,-0.1411210331511047,12,1126.6269458642917,2766.5964809432767,93.8855788220243,230.54970674527306,-136.66412792324874,-1.45564558090778,-0.5,61.65863404852417,0.7071067811865476,0.6324555320336759,-0.08925277810272393,-0.7469351596018015,-0.52816291646109,124.0,135.0,119.0,23.0,121.0
frc2180,24,18.64286446060337,-5.516943535441127,-34.51144925947634,-26.588377930564516,-0.1433684438518532,12,1033.0644721337603,2349.8612037818816,86.0887060111467,195.82176698182346,-109.73306097067677,-1.274651066964215,-0.5,62.665824242190325,0.7071067811865476,0.6324555320336759,-0.090674165433164,-0.7664090571742619,-0.541933041490709,125.0,89.0,122.0,23.0,122.0
frc4575,48,41.7091280458206,21.196782105418166,-21.886862560993375,-23.834604380811854,-0.1424680374898218,25,2519.2243917538826,4467.685507521508,100.7689756701553,178.70742030086032,-77.93844463070506,-0.7734369046860129,-0.5,65.66278878961907,1.0,0.9128709291752769,-0.13005492976111183,-0.5641324541295175,-0.5641324541295175,74.0,73.0,120.0,23.0,123.0
frc10143,24,40.76280976932122,14.425744480500892,-38.13488002481155,-44.656590714066176,-0.13377484604861165,11,1287.9826399890578,2703.371828973545,117.08933090809616,245.76107536123135,-128.6717444531352,-1.0989194613651871,-0.5,69.69454240347845,0.7071067811865476,0.6055300708194983,-0.0810046920016833,-0.8405564789740779,-0.5943631862528582,132.0,136.0,112.0,23.0,124.0
frc193,36,81.10526782323677,50.30877354679798,-25.187983555047534,-36.104021921098216,-0.15239866782792766,21,2337.3311796419302,4254.195543586906,111.30148474485382,202.58074017080503,-91.27925542595122,-0.8201081561059017,-0.5,72.2688783080252,0.8660254037844386,0.8366600265340756,-0.12750587346867173,-0.6933588536,-0.6004663811564555,92.0,121.0,128.0,23.0,125.0
frc8588,24,50.18282555273329,19.263698818695605,-39.03294242147311,-36.5293111319634,-0.13438905170948443,11,926.7322380157952,2300.7046240393774,84.2483852741632,209.15496582176158,-124.90658054759842,-1.4825991043166502,-0.5,53.863190905799094,0.7071067811865476,0.6055300708194983,-0.08137661199900932,-0.8862080573245315,-0.6266437268763329,133.0,124.0,114.0,23.0,126.0
frc3340,24,16.239157510893286,-5.580099489091085,-40.566446910109406,-21.330868996468247,-0.12645160134575323,12,975.3160434154914,2045.8182236146272,81.27633695129096,170.4848519678856,-89.20851501659467,-1.0975951717663837,-0.5,57.27322254904507,0.7071067811865476,0.6324555320336759,-0.07997501480563865,-0.9440966377145197,-0.6675771346233561,138.0,58.0,108.0,23.0,127.0
frc816,24,14.423613379641925,-0.7718236821156419,-34.78112374098658,-37.92636762633982,-0.15632987513300872,15,1677.2283530280288,3444.6060966950563,111.81522353520192,229.6404064463371,-117.82518291113519,-1.0537490261694213,-0.5,79.34589380696957,0.7071067811865476,0.7071067811865476,-0.11054191480859671,-0.9747480130843246,-0.6892509300000395,127.0,127.0,132.0,23.0,128.0
frc6921,36,51.05633211890408,29.808103287031184,-30.707542093432316,-28.581611851894024,-0.1403456937077662,20,2290.0003378300344,4048.7198820156987,114.50001689150172,202.43599410078494,-87.93597720928328,-0.7679996876560283,-0.5,78.06195215969758,0.8660254037844386,0.816496580927726,-0.11459177906032098,-0.8241918727423067,-0.7137710993875087,116.0,100.0,118.0,23.0,129.0
frc4637,24,-0.1729059002842206,-7.0466825662611186,-40.61667245143796,-46.287717556779974,-0.12262772083748873,15,1750.1160414439182,3668.89609134552,116.67440276292788,244.593072756368,-127.91866999344013,-1.0963730429660705,-0.5,87.34400730138213,0.7071067811865476,0.7071067811865476,-0.08671089296563918,-1.0128045816699895,-0.7161609877156542,139.0,138.0,103.0,23.0,130.0
frc303,36,49.21959539145749,26.328431483999502,-33.71259727533515,-21.855802874168646,-0.12139423064986413,21,2439.6653208943007,4049.4021074148122,116.1745390902048,192.82867178165773,-76.6541326914529,-0.659818694283212,-0.5,78.2666177649241,0.8660254037844386,0.8366600265340756,-0.10156570023659901,-0.8363598782179191,-0.7243089012427774,122.0,62.0,100.0,23.0,131.0
frc6897,24,29.308648902411548,-2.5240458508817714,-36.703715153759234,-42.29926951804705,-0.15248840883721576,15,1262.62801539319,3065.584835487289,84.17520102621266,204.3723223658193,-120.19712133960658,-1.42793981926074,-0.5,61.355331162352314,0.7071067811865476,0.7071067811865476,-0.10782558794114193,-1.0378754628607654,-0.7338887778159741,130.0,131.0,129.0,23.0,132.0
frc10366,24,21.74635313467647,-2.1026286535323773,-36.23100388502871,-44.957630796350145,-0.1740946927712064,13,1165.934794250132,2787.1875745857024,89.68729186539477,214.39904419890019,-124.71175233350542,-1.3905175386572755,-0.5,59.3648203398729,0.7071067811865476,0.6582805886043833,-0.11460315683032903,-1.0825450156317256,-0.7654749214928903,129.0,137.0,142.0,23.0,133.0
frc7414,24,17.822606380317396,8.547318036734712,-37.54126088199533,-44.1324162219193,-0.15874554056703014,16,1765.5250909873405,3679.1671696106873,110.34531818670878,229.94794810066796,-119.60262991395916,-1.083894014529793,-0.5,83.99633205405631,0.7071067811865476,0.7302967433402214,-0.11593135129588511,-1.156889036745998,-0.8180440829634683,131.0,132.0,135.0,23.0,134.0
frc8771,24,26.965114259112013,8.007880123457447,-39.63895186075136,-53.0348093526423,-0.15805974608934167,14,1540.6594613204222,3509.6003976219854,110.04710438003016,250.68574268728466,-140.63863830725452,-1.2779858143434775,-0.5,72.03504153868691,0.7071067811865476,0.6831300510639732,-0.10797536241717061,-1.176583519866377,-0.8319701855298521,136.0,140.0,134.0,23.0,135.0
frc10232,24,41.546031744523916,14.58960867104081,-44.13220952423343,-44.45803433257043,-0.15006216873488698,11,944.0426992325018,2454.2193035397095,85.82206356659107,223.11084577633721,-137.28878220974613,-1.5996909944168494,-0.5,50.54002097814194,0.7071067811865476,0.6055300708194983,-0.09086715566136361,-1.2181143446518166,-0.8613369133639068,142.0,134.0,126.0,23.0,136.0
frc5624,24,43.12036988986775,12.486951603348016,-41.927904146673534,-36.16218041887921,-0.15671922303714156,13,1108.9260129199354,2623.5420062689764,85.30200099384118,201.81092355915203,-116.50892256531087,-1.3658404399414126,-0.5,61.28571614058541,0.7071067811865476,0.6582805886043833,-0.10316522238651117,-1.2362120348178187,-0.8741339128041,141.0,122.0,133.0,23.0,137.0
frc5684,24,35.90935529942726,15.883412783876077,-49.16068605414282,-54.46155462269949,-0.10465436935012773,15,1575.565709569666,3725.9642105225057,105.03771397131108,248.3976140348337,-143.35990006352264,-1.3648421566246054,-0.5,75.22368482045226,0.7071067811865476,0.7071067811865476,-0.0740018142482769,-1.2870611452255003,-0.9100896635906752,144.0,143.0,67.0,23.0,138.0
frc2495,24,51.38886751968835,17.654076805129648,-40.14412612043614,-54.214519676058856,-0.17560255161487526,14,1196.7143445409222,3133.165211381821,85.4795960386373,223.7975150987015,-138.31791906006416,-1.6181395967002885,-0.5,62.62372116794655,0.7071067811865476,0.6831300510639732,-0.11995938005163372,-1.3182648967289161,-0.9321540478772005,137.0,142.0,144.0,23.0,139.0
frc204,24,42.65797256861276,15.482066304698826,-45.62831562962961,-56.07472668571659,-0.150748454629654,13,1096.23779433504,3052.567828320217,84.32598417961846,234.81290987078592,-150.48692569116744,-1.7845854650284654,-0.5,59.25290325930072,0.7071067811865476,0.6582805886043833,-0.09923478144480981,-1.3704976922465335,-0.969088211788038,143.0,145.0,127.0,23.0,140.0
frc2554,36,1.031923404799997,-4.503199977919961,-30.18725832049252,-33.85381982498841,-0.15300197215100567,28,3313.1566085918485,5613.159058549441,118.32702173542316,200.46996637676577,-82.14294464134264,-0.6942027563662728,-0.5,98.97857818800667,0.8660254037844386,0.9660917830792959,-0.14781394809001383,-1.1271610192265082,-0.9761500768057162,114.0,115.0,130.0,23.0,141.0
frc10918,36,11.034619520122305,4.927017657872409,-32.49104554885438,-33.45430659243983,-0.14730033778156795,26,3072.963109379053,5430.426881988821,118.19088882227128,208.86257238418543,-90.67168356191412,-0.76716305686017,-0.5,91.99547564963281,0.8660254037844386,0.9309493362512627,-0.1371291516873375,-1.1296078767777114,-0.9782691176044999,120.0,112.0,123.0,23.0,142.0
frc10997,24,29.319499211252257,8.962568738372973,-50.92288860162792,-54.90854234430623,-0.16204306993231818,16,1600.1404637195244,3931.5065638472715,100.00877898247028,245.71916024045447,-145.71038125798418,-1.4569759049205526,-0.5,72.15261273476257,0.7071067811865476,0.7302967433402214,-0.11833952625242372,-1.8062512543837885,-1.2772125105014847,145.0,144.0,137.0,23.0,143.0
frc1811,36,30.696382281940327,11.020130178385424,-39.39270668085386,-51.94841603867875,-0.17148844273605876,20,2111.435796455239,4556.920302131511,105.57178982276196,227.84601510657552,-122.27422528381359,-1.158209266785117,-0.5,69.39089980247289,0.8660254037844386,0.816496580927726,-0.1400197271626121,-1.48076157135825,-1.2823771377440083,135.0,139.0,141.0,23.0,144.0
frc9014,36,49.76050812412758,26.60328903173816,-41.638819981876665,-53.136327581584595,-0.18488142937854796,20,2107.0590575144215,4743.1902317184995,105.35295287572107,237.15951158592497,-131.80655871020383,-1.2510950582058062,-0.5,72.86035663356263,0.8660254037844386,0.816496580927726,-0.15095505496461525,-1.6935065463959742,-1.4666196906541638,140.0,141.0,145.0,23.0,145.0
